objectid,fire_size,acres
292628,0,0.01
292630,0.01,0.01
292661,0,0.01
292664,0,0.01
292672,0,0.01
292673,0,0.01
292692,0.01,0.01
292699,1,1
292703,1,1
292705,1,1
292706,1,1
292707,0,0
292710,1,1
292712,1,1
292713,1,1
292714,1,1
292715,1,1
292717,1,1
292718,1,1
292720,1,1
292723,1,1
292725,1,1
292726,1,1
292727,1,1
292728,1,1
292762,0.01,0.01
292774,50,50
292784,0.23,0.23
292807,0.01,0.01
292810,0,0.01
292813,0,0.01
292815,0.01,0.01
292818,0,0.01
292822,0,0.01
292825,0,0.01
292836,0.01,0.01
292840,0,0.01
292842,0,0.01
292845,0,0
292848,0,0
292867,0.01,0.01
292868,0.01,0.01
292870,0.01,0.01
292872,0,0.01
292873,0.1,0.1
292886,0,0.01
292887,0.04,0.01
292897,14,14
292901,0.93,0.93
292904,0.14,0.14
292907,0.1,1
292913,3,3
292914,0.5,0.5
292915,40.7,1
292917,426,1
292918,0,0
292919,1,1
292921,0,0
292922,14,1
292923,0,0
292931,0,0
292943,0,0
292948,1,1
292950,7.2,7.2
292969,0,0
292975,0,0
293011,0,0
293024,1,1
293033,148,1
293035,0,0.01
293063,0.1,0.1
293068,165,1
293078,164,1
293079,0,0.01
293084,1,1
293085,880,1
293093,0,0
293095,1,1
293099,1,1
293109,0.01,0.01
293115,0.01,0.01
293123,3,3
293124,0.7,0.7
293125,3.3,3.3
293127,0.8,0.8
293129,210,1
293130,6.2,6.2
293132,256,1
293133,1,1
293136,0,0
293137,0,0.01
293143,0,0
293144,0,0
293153,1150,1
293156,30,1
293159,0,0
293171,0,0
293175,0,0
293177,0,0
293180,0,0
293190,0,0
293193,0,0
293194,0,0
293195,1,1
293196,0,0
293197,0,0
293198,0,0
293199,0,0
293200,0,0
293201,1,1
293208,1,1
293211,510,1
293213,1,1
293214,10,1
293220,0,0
293222,0,0
293226,1,1
293228,1,1
293231,0,0
293235,9.6,1
293240,0,0.01
293241,0,0.01
293243,0,0
293249,0,0.01
293252,0,0.01
293254,0,0.01
293255,0,0.01
293256,0.01,0.01
293264,0,0.01
293267,0,0
293273,571,1
293275,170,1
293277,1,1
293280,167,1
293283,100,1
293284,580,1
293285,1,1
293286,755,1
293293,88,1
293295,1,1
293296,1,1
293298,0,0
293299,1,1
293303,1,1
293304,1,1
293305,1,1
293306,1,1
293307,0,0
293308,1,1
293312,1,1
293313,1,1
293314,1,1
293316,1,1
293318,1,1
293319,1,1
293321,1,1
293323,1,1
293326,1,1
293327,1,1
293330,1,1
293331,1,1
293333,170.5,170.5
293335,1080,1
293336,1,1
293339,19,19
293341,1,1
293344,1,1
293348,4,4
293349,0.55,0.55
293351,1,1
293352,1,1
293353,0,0
293354,121.8,121.8
293356,0,0.01
293357,0,0.01
293369,0,0.01
293372,0,0.01
293377,0,0.01
293378,0.01,0.01
293380,0,0.01
293382,100,1
293385,0.01,0.01
293388,105,1
293393,105,1
293394,34,34
293397,0,0.01
293399,0,0.01
293405,0,0.01
293408,0.01,0.01
293412,0,0.01
293418,159,1
293419,3.2,3.2
293420,0.9,0.9
293430,1,1
293431,0,0.01
293436,0.25,0.25
293437,5,1
293442,1,1
293444,0.1,0
293445,0.65,0.65
293446,1.8,1.8
293451,0,0
293453,0,0
293454,8,8
293455,0,0
293463,6,6
293465,2,2
293466,1.3,1.3
293467,1.4,1.4
293468,1.9,1.9
293469,15,15
293470,2.28,2.28
293471,200,1
293472,180,1
293473,0.2,0.2
293474,1,1
293475,3.3,3.3
293476,100,1
293477,1,1
293478,0,0.01
293479,1,1
293480,0,0.01
293482,1513,1
293483,0.01,0.01
293484,0,0.01
293485,0.25,0.25
293487,0.1,0.1
293488,99,0
293490,0.8,0.8
293491,2.4,2.4
293492,0,0.01
293494,0,0.01
293496,0,0.01
293499,3,8
293501,0,0.01
293503,0,0.01
293505,0,0.01
293508,0,0.01
293513,0,0.01
293514,1.25,1.25
293516,0.01,0.01
293517,0,0.01
293521,0,0.01
293522,1.2,1.2
293527,0.1,0.1
293528,3.3,3.3
293532,0,0.01
293533,1.4,1
293536,0.1,0.1
293538,0,0.01
293543,0.61,0.61
293550,0.01,0.01
293551,0.72,0.1
293552,0,0.01
293554,0,0.01
293558,0,0.01
293563,0.01,0.01
293565,0,0.01
293566,60,60
293567,80,80
293568,5.3,5.3
293569,1,1
293570,23.7,23.7
293571,0,0.01
293578,0,0
293580,0,0
293581,0,0.01
293586,0,0
293587,0,0
293588,0,0
293589,0.01,0.01
293593,0.1,0.1
293595,0,0
293597,4,0.1
293598,8,8
293599,0,0.01
293600,0.01,0.01
293601,0,0.01
293602,0,0.01
293603,8.6,0.1
293604,1,0
293605,0.55,0.1
293606,0,0.01
293607,47.6,0.1
293613,0,0.01
293614,2,0.01
293617,0.25,0.25
293618,0,0.01
293619,0.01,0.01
293621,0,0.01
293624,0,0.01
293629,0,0.01
293633,0,0.01
293634,0,0.01
293635,0,0.01
293637,0,0.01
293643,0.1,0.1
293645,0.99,0.99
293647,0.1,1
293649,0.01,0.01
293651,1.8,1.8
293652,0.1,0.1
293653,0.88,0.88
293654,14,14
293657,1.5,1
293660,1.3,1.3
293669,0.1,0.1
293670,0.4,0.1
293671,0.11,0.1
293673,0.1,0.1
293677,23,1
293678,180,1
293683,4.5,0.1
293684,0,0
293685,850,850
293691,7,7
293692,20,20
293693,3,0.1
293694,3.2,0.1
293702,0,0.01
293703,80,1
293707,0.25,0.25
293712,1.7,1
293716,100,1
293722,0,0.01
293725,18,18
293726,0,0
293736,246,1
293744,0,1
293747,1,1
293748,0.18,0.29
293749,0,0
293750,1,1
293751,0,0
293755,5,1
293756,0.3,0.3
293757,0,0
293760,1,1
293761,0,0
293762,5,3
293764,0.2,0.2
293770,0.56,0.1
293771,0,0.01
293775,0.2,0
293781,2.2,2.2
293782,8.4,8.4
293789,0,1
293814,0,0.01
293819,0,0.01
293826,0.01,0.01
293828,0.03,0.01
293830,0.06,0.01
293832,1,0
293833,0.1,0.1
293835,0,0.01
293838,412,1
293839,0.2,0.2
293840,11.4,11.4
293842,1.6,1.6
293844,1.2,1.2
293846,365,1
293849,7,7
293850,0.1,0.1
293851,160,1
293853,44,44
293855,2.5,2.5
293857,4.6,4.6
293858,121,1
293859,3.6,3.6
293860,6.3,6.3
293861,4.1,4.1
293862,280,1
293864,1,1
293865,1,1
293868,100,1
293873,0.1,0.1
293888,2,2
293892,0.2,0.2
293894,0.1,0.1
293897,0,0
293898,0.01,0.01
293902,0.01,0.01
293905,0,0
293906,0,0
293911,0,0
293922,0,0.01
293935,0,0
293936,475,0
293937,0,0
293940,350,1
293959,1,1
293962,240,240
293963,0.01,0.01
293966,0.01,0.01
293967,0.01,0.01
293973,0,0.01
293977,0,0.01
293979,2.1,2.1
293983,0,0
293985,113.1,1
293986,55,1
293987,5,1
293992,241,241
293994,2.8,4
293996,5.3,5.3
293997,1,1
293999,0.5,0.5
294001,1,1
294002,5,5
294003,182,0
294005,0.1,0
294007,0.48,0.48
294008,1,1
294012,35,35
294013,0,0.01
294014,2,2
294016,0,0
294017,0.5,0.5
294018,15,15
294019,0,0
294025,695,695
294028,0,0.01
294029,0,0.01
294032,0.2,0.1
294033,4.16,4.16
294034,13.6,13.6
294035,0.56,0.56
294036,9,0
294037,0.28,0.28
294038,4.7,4.7
294040,8.29,8.29
294043,0,0.01
294046,0,0.01
294048,200,200
294050,20,1
294053,0.01,0.01
294054,0.175,0.1
294055,0,0.01
294058,46.6,46.6
294061,0.53,0.53
294064,0,0.01
294065,0.1,1
294066,0,0.01
294067,23,23
294069,38,38
294071,0.5,0
294074,0,0.01
294075,0,0.01
294076,0,0.01
294080,0,0.01
294085,0,0.01
294087,0.23,0.01
294088,0,0.01
294090,0.01,0.01
294092,0,0.01
294097,32,1
294098,0,0.01
294099,22,1
294100,1,1
294101,138,1
294102,0.25,0.25
294103,2.26,2.26
294104,50,1
294106,0,0.01
294108,296,5
294110,0,0.01
294111,0.62,0.62
294113,3,3
294114,17.5,17.5
294117,0.4,0.4
294118,84,84
294120,0.01,0
294121,0.01,0.01
294122,0.1,0.1
294125,21,21
294126,4,4
294127,908,1
294128,9,9
294129,1,1
294130,283,1
294134,530,1
294135,1500,1
294150,0.01,0.01
294151,0,0.01
294153,0,0.01
294155,0,0.01
294159,0,0.01
294166,0.21,0.21
294169,355,1
294170,40,1
294172,0.01,0.01
294173,0.01,0.01
294174,0.01,0.01
294176,0,0.01
294177,0,0.01
294184,1.4,1.4
294185,22,22
294186,0,0.01
294188,4.4,4.4
294191,10,10
294195,1,1
294197,0,0.01
294200,0,0.01
294202,0,0.01
294204,0,0.01
294205,0,0.01
294207,2,0
294209,0.1,0.1
294210,1720,1
294211,0,14.9
294212,0.1,0.1
294213,5.2,5.2
294214,1,1
294215,1651,1
294216,63.1,63.1
294217,1,1
294218,0,0.01
294220,0.7,0.7
294221,6.6,6.6
294222,4,4
294225,2,2
294226,1.7,0.1
294228,0.01,0.01
294232,2,2
294233,0,0.01
294234,13.5,13.5
294235,0,0.01
294244,0,0.01
294245,0,0.01
294249,0.1,0.1
294251,1,1
294252,888.2,0.1
294253,1363,1
294254,24,24
294255,0.45,0.1
294257,0.66,0.1
294258,0.1,0.1
294261,0.01,0.01
294265,0,0
294266,3.8,3.8
294268,8.6,8.6
294269,0,0.01
294270,0,0.01
294271,0.01,0.01
294274,0,0.01
294275,0,0.01
294279,0,0.01
294280,1.1,1.1
294284,0,0.01
294289,0,0.01
294290,0,0.01
294291,0.01,0.01
294293,0.01,0
294294,0.5,0.5
294296,24,24
294297,41.3,41.3
294300,0.79,0.79
294301,0,0.01
294302,35,35
294303,12.4,12.4
294305,0,0
294306,1,1
294308,950,1
294310,0.1,0.1
294311,250,1
294312,1031,1
294314,10.2,10.2
294315,0,0.01
294316,1,1
294317,59.6,59.6
294318,9.1,9.1
294319,8,8
294321,0.25,0.25
294323,3.2,3.2
294329,1,1
294331,0,0
294337,2.5,2.5
294339,129,0.1
294340,45,45
294341,3,0
294342,4.28,4.28
294344,565,1
294345,0.3,0.3
294347,670,1
294348,6,6
294350,100,1
294351,20,1
294352,0,0
294353,0.1,0.1
294354,23,23
294355,1.2,15
294361,0.01,0.01
294363,0,0.01
294365,15,0
294367,0.01,0.01
294373,0,0.01
294374,379,1
294375,259,1
294376,1,1
294377,200,1
294378,12,1
294379,7000,1
294380,80,1
294381,53,1
294382,5137,1
294383,110,1
294384,225,1
294385,322,1
294386,0.5,0.5
294388,54,1
294390,54,1
294391,1,1
294392,1,1
294395,1,1
294396,1,1
294399,1,1
294400,0,0.01
294407,0.5,0.01
294408,1362,1
294409,1,1
294411,1,1
294412,1,1
294413,1,1
294414,1,1
294417,1,1
294418,1,1
294419,1,1
294420,1,1
294422,1,1
294423,1,1
294424,1,1
294426,1,1
294437,100,1
294438,5.5,1
294439,3,3
294440,0,0
294442,0,0.01
294443,6,0.1
294444,1,1
294445,1,1
294447,0,0
294449,1.28,1
294450,3040,1
294451,0,0.01
294453,0.5,0.01
294455,380,1
294456,1,1
294457,4.9,0.5
294458,0.1,0.1
294459,25,1
294461,25,1
294462,1,1
294463,2,1
294464,0.4,0.4
294465,0,0.01
294466,0,0.01
294467,1.5,0
294468,0,0.01
294469,15,15
294472,0.01,0.01
294474,0.1,0.1
294478,0,0.01
294479,3,3
294480,0,0.01
294481,0,0.01
294482,0,0.01
294492,0,0.01
294493,0,0.01
294497,0,0.01
294501,0,0.01
294502,19,19
294505,23,1
294507,0,0.01
294508,1.4,1.4
294509,76,1
294511,78,1
294512,4.5,4.5
294513,1,1
294514,0,0
294515,0,0.01
294516,9,1
294518,0,0.01
294521,0,0
294522,536,1
294524,460,1
294525,1,1
294527,0,0.01
294530,0.8,0.01
294531,0,0.01
294533,365,1
294534,0.1,0.25
294536,70,1
294537,200,1
294538,40,1
294539,0.25,0.25
294540,1,1
294542,1,1
294543,110,1
294544,0.1,0.1
294546,0.01,0.01
294547,3,3
294549,0,0
294550,0.01,0.01
294553,803,1
294554,0.01,0.01
294558,0.01,0.01
294562,0.01,0.01
294563,1976,1
294564,413,1
294565,813,1
294566,0.2,0.2
294567,1,1
294568,2983,1
294569,2.5,1
294570,0.43,0.43
294571,1,1
294572,227,1
294573,0.3,0.3
294574,0,0.01
294576,0.1,0.1
294577,0,0.01
294578,82,1
294579,1,1
294580,928,1
294581,15,1
294582,1,1
294586,0.01,0.01
294587,0.16,0.1
294589,0.1,0.1
294592,0.1,0.1
294593,9,1
294594,0.1,0.1
294595,0.1,0.1
294597,30,1
294598,1,1
294599,0.5,1
294601,0,0.01
294602,1,1
294607,285,200
294608,0.25,1
294612,0,0.01
294613,0,0.01
294614,0,0.01
294615,0,0.01
294616,0,0.01
294626,0,0.01
294628,0,0.01
294633,0,0.01
294641,0,0.01
294651,0,0.01
294655,8390,1
294657,14,14
294663,0,0.01
294665,47,1
294666,0,0.01
294668,2.08,2.08
294671,47,1
294672,0,0.01
294674,0,0.01
294675,0,0
294676,0,0.01
294680,1,1
294681,74,1
294683,1,1
294684,100,1
294685,1,1
294686,0,0.01
294690,300,1
294691,0,0.01
294692,705,1
294693,0,0.01
294694,0,0.01
294695,0,0.01
294699,0,0.01
294700,0,0.01
294708,0,0.01
294714,0.01,0.01
294715,0,0.01
294716,0,0.01
294717,0,0.01
294722,0,0.01
294732,0,0.02
294736,0,0.01
294737,0,0.01
294738,20,0
294740,0,0.01
294752,0,0.01
294754,0,0.01
294757,2.5,0.01
294758,0,0.01
294762,0,0.01
294766,0,0.01
294767,0.01,0.01
294768,0,0.01
294772,0.1,0.1
294773,0,0.01
294780,0.1,0.1
294781,2001,1
294786,0.1,0.1
294787,0.25,0.25
294788,0.1,0.1
294789,0,0.01
294790,0.1,0.1
294791,0.1,0.1
294793,6,6
294795,0,0.01
294801,35,1
294802,0.01,0.01
294807,0,0
294811,1,1
294813,3.7,0.01
294814,2026,1
294816,2.5,2.5
294817,0.1,1
294819,3,3
294824,175,0.01
294825,0,0.01
294826,0.01,0.01
294827,0,0.01
294828,0,0.01
294829,0,0.01
294830,0,0.01
294831,0.11,0.01
294832,0,0.01
294842,18,1
294844,435,1
294845,2180,1
294847,0,0.01
294848,0.1,0.01
294849,0,0.01
294850,3,1
294852,0,0
294854,0,0
294856,0.1,0.1
294859,0,0
294860,1.8,1.8
294861,1.2,1.2
294862,0,0.01
294863,0,0
294864,0,0
294865,0,0
294867,0.4,0.4
294868,0,0
294871,0,0.01
294879,0.01,0.01
294880,0.1,0.1
294881,0.46,0.01
294884,0,0.01
294885,0,0.01
294889,0.25,0.01
294890,0.2,0.2
294891,0.1,0.1
294892,575,1
294893,939,1
294895,8,1
294897,0,0.01
294898,0,0
294899,0.5,0.5
294901,0.01,0.01
294905,0.5,0.5
294907,0.1,0.1
294908,0.5,0
294910,0,0.01
294913,67,1
294915,56,1
294916,35,1
294917,3366,1
294918,272,1
294919,145,1
294921,1,1
294923,0,0.01
294930,0,0.01
294932,0,0.01
294934,0,0.01
294935,0,0.01
294936,0.01,0.01
294939,0,0.01
294941,0.01,0.01
294942,0.1,0.1
294943,1,1
294944,0,0.01
294947,0.1,0.1
294948,258,1
294949,0,0.01
294950,0.1,0.1
294952,253,1
294953,50,1
294954,0.2,0.2
294955,700,1
294956,0,0.01
294957,0,0.01
294958,0,0.01
294960,0,0.01
294961,80,1
294962,35,1
294964,0.01,0.01
294966,1,1
294967,1800,1
294968,1600,1
294969,0.1,0
294970,0,0.01
294971,1307,1
294972,1,1
294973,1,1
294974,1,1
294975,15,1
294976,1,1
294977,2080,1
294978,1,1
294984,1,1
294987,52,1
294988,0.01,0.01
294989,3000,1
294990,0.5,0
294991,0,0
294995,0,0.01
294996,0.1,0.1
294998,0.25,0.01
295000,0.1,0.1
295001,0.1,0.01
295002,0.01,0.01
295004,0,0
295006,0,0.01
295007,0,0.01
295011,0,0.01
295012,0,0.01
295013,0,0.01
295014,0,0.01
295015,0,0.01
295016,5977,1
295018,460,1
295019,2628,1
295020,450,1
295021,3430,1
295022,0.01,0.01
295023,0.02,0.01
295024,120,1
295025,1,1
295027,1,1
295028,1,1
295029,1300,1
295030,0,0.01
295032,1,1
295035,0,0.01
295038,805,1
295039,1056,1
295041,1,1
295042,0,0
295043,280,1
295045,413,1
295046,722,1
295048,1,1
295049,1952,1
295050,0,0.01
295051,0,0.01
295052,2100,1
295054,0,0.01
295062,1648,1
295063,831,1
295064,0,0.01
295065,0.01,0.01
295066,901,1
295070,2,2
295071,3407,1
295072,125,1
295073,25,25
295074,160,1
295076,0.01,0.01
295077,0,0.01
295078,0,0.01
295080,0.1,0.1
295081,0,0.01
295082,0,0.01
295083,0,0.01
295084,0,0.01
295086,1,0.25
295088,0,0.01
295091,0.01,0.01
295093,0.01,0.01
295097,0,0.01
295101,0,0.01
295103,3084,1
295105,1,1
295106,1004,1
295107,439,1
295108,2,2
295109,0,0.01
295110,1,1
295111,425,1
295112,1,1
295113,1109,1
295115,0.01,0.01
295116,4,4
295117,0,0.01
295118,44.5,1
295119,30,1
295120,4.5,4.5
295121,1,1
295122,0,0
295124,0,0
295125,452,1
295128,0,0
295129,0.01,0.01
295130,0.1,0.1
295135,1331,1
295136,0.01,0.01
295137,0.5,0.5
295138,1,1
295139,0,0.01
295141,9.7,1
295142,215,1
295147,0.1,0.1
295155,0,0.01
295156,0,0.01
295158,0,0.01
295159,0.01,0.01
295162,0,0.01
295167,0,0.01
295169,0,0.01
295171,0.01,0.01
295172,0.1,0
295173,0,0.01
295174,0,0.01
295175,10,5
295178,0.01,0.01
295179,77,1
295180,1,1
295181,0,0.01
295182,19,19
295185,0.01,0.01
295187,0,0.01
295188,0,0.01
295189,0,0.01
295190,0.5,0.01
295191,0,0.01
295193,0,0
295195,0,0
295197,3.85,0.01
295199,0.01,0.01
295206,0,0.01
295207,0,0.01
295211,0,0.01
295212,0.5,0.01
295214,1472,1
295216,1,1
295217,563,1
295218,1,1
295219,82,1
295220,1330,1
295223,0,0.01
295224,1,1
295225,2.2,1
295226,947,1
295227,1,1
295228,1,1
295229,1,1
295232,10.5,10.5
295241,567,567
295247,0.01,0.01
295249,0.5,0.5
295250,350,1
295252,1,1
295253,0,0
295254,94,1
295255,0.5,0.5
295257,0.5,0.5
295259,3,3
295261,0,7
295262,1833,1
295264,0.1,0.1
295265,0,0
295266,0.88,0.1
295270,0.01,0.01
295271,0,0
295273,0,0
295276,7,7
295277,0.01,0.01
295278,3,3
295279,0,0.01
295281,0,0.01
295285,0.01,0.01
295287,0,0.01
295288,0,0.01
295293,0.01,0.01
295294,128,1
295295,15,1
295297,36,1
295298,166,1
295300,0.2,1
295303,49.75,1
295306,1,1
295311,270,1
295313,0,0.01
295314,0,0
295315,1,1
295316,0,0
295317,0,0
295321,0.01,0.01
295323,256,256
295325,0.2,0.2
295329,0.01,0.01
295336,0,0.01
295339,5,5
295342,1,1
295343,0,0.01
295349,0,0.01
295353,0.01,0.01
295356,0,0.01
295362,0,0.01
295364,0,0.01
295369,0,0.01
295370,0,0.01
295371,0,0.01
295375,0,0.01
295382,2577,1
295387,0.1,0.1
295389,0.5,0.5
295390,1,0.1
295391,0,0.01
295395,11.7,0.1
295402,0.01,0.01
295405,1,1
295416,0.1,0.1
295417,1,1
295418,0,0.01
295419,25,1
295420,200,1
295421,0,0
295422,232,1
295423,12,1
295424,417,1
295428,0,0.1
295429,40,1
295430,1,1
295432,0,0.01
295434,0.01,0.01
295435,1,1
295436,1,1
295439,0,0.01
295440,0,0.01
295441,0,0.01
295445,0,0.01
295446,0,0.01
295448,0.01,0.01
295449,0.13,0.01
295450,0,0.01
295453,0.01,0.01
295456,0.01,0.01
295459,0,0.01
295460,0,0.01
295464,0,0.01
295465,0,0.01
295466,7265,1
295469,0,0.01
295471,0,0.01
295473,0,0.01
295474,0.1,0.1
295476,11,0.01
295477,0.01,0.01
295478,0.1,0.1
295487,0.1,0.1
295493,0,0.01
295496,0,0.01
295500,0.25,0.25
295505,0,0.01
295506,2,2
295509,0.01,0.01
295510,5,5
295513,1,1
295514,1,1
295516,2500,2500
295517,0.25,0.01
295519,0,9
295524,0.1,0.1
295525,4.25,2
295529,1.8,4
295530,0,0.01
295536,0,0.01
295537,0,0.01
295539,0.16,0.01
295540,0.1,0.1
295541,188,1
295542,10,10
295543,1,1
295544,0.1,0.01
295549,0,0.01
295557,0,0.01
295560,0.01,0.01
295562,0,0.01
295565,0.01,0.01
295566,0,0.01
295568,0,0.01
295569,0,0.01
295572,0,0.01
295573,0,0.01
295574,0,0.01
295581,0.01,0.01
295585,0,0
295586,500,500
295587,65,1
295589,0.1,0.1
295590,1000,1
295591,0.1,0.1
295593,0.1,0.1
295595,1,1
295596,0.1,0.1
295602,0,1
295603,10,1
295607,0,0.01
295612,0,0
295615,1,1
295616,0,0
295617,0.25,0.1
295620,0,0
295621,0,0.01
295622,0,0.01
295623,0.01,0.01
295631,0,0.01
295632,0,0
295634,1,1
295635,40,1
295639,0.14,0.1
295640,0,0.01
295644,60,1
295645,1000,1
295650,3,1
295651,0.01,0.01
295652,0.1,0.1
295653,0,0.01
295660,0,0.01
295665,0,0.01
295673,0,0.01
295674,0.01,0.01
295677,2903,1
295678,630,1
295679,2.5,0.1
295680,0,0.01
295682,143,1
295684,0,0.01
295688,0.01,0.01
295689,0,0.01
295694,0.01,0.01
295697,0.1,0.1
295700,0,0.01
295701,118,0.1
295702,0.1,0.01
295704,0.1,0.1
295706,0,0.01
295707,0,0.01
295708,0,0.01
295710,0,0
295713,1,0.01
295714,0,0.01
295720,0,0.01
295721,0.01,0.01
295722,0,0.01
295726,2,0.01
295727,858,1
295728,1.4,1
295729,3,0.1
295730,838,1
295731,0.1,1
295732,0,0.01
295733,0.5,1
295734,57,1
295738,0,0.01
295739,13,13
295740,30,30
295741,1,1
295742,1,1
295744,0.1,0.1
295746,100,1
295748,3,0.1
295750,27.9,0.1
295751,0.92,0.01
295753,0,0.01
295754,0.1,0.1
295755,0,0.01
295756,0.3,0.3
295757,2.5,2
295758,0.25,1
295760,0,0.01
295761,0,0.01
295764,509,0.1
295770,1,1
295771,1797,1
295772,3496,1
295773,0.1,1
295774,220,1
295775,1,1
295776,1,1
295777,1,1
295778,1,1
295779,0,0.01
295780,1,1
295781,1,1
295782,620,1
295783,1,1
295785,6,6
295786,1,1
295788,50,1
295789,13,1
295791,731,1
295792,1,1
295794,22,1
295802,0.25,0.25
295803,0,0.01
295804,17,0.1
295805,2.69,1
295807,11,0.1
295810,1,0.1
295815,3557,1
295817,0,15
295819,1,1
295820,0.61,0.1
295821,6,4
295822,20,25
295823,0,0
295824,10,10
295825,2.5,0.1
295826,15,0.1
295827,507,1
295829,1,1
295830,0,0.01
295831,1,1
295835,0,0
295836,0,0.01
295837,0,0.01
295842,0,0.01
295846,0,0.01
295847,0.01,0.01
295848,0,0.01
295849,0.01,0.01
295851,0,0.01
295853,0,0.01
295857,425,1
295858,1,1
295860,8435,1
295861,1,1
295862,1,1
295863,528,1
295864,1,1
295865,700,1
295866,4309,1
295867,1,1
295868,1,1
295869,280,1
295870,3803,1000
295871,3756,1
295872,1,1
295873,717,1
295874,1,1
295875,1,1
295876,1,1
295877,1,1
295878,1,1
295879,1,1
295880,0.25,0.25
295881,0.1,0.1
295882,1.6,1.6
295883,1470,1
295885,0.1,0.1
295886,0.1,0.1
295887,0.25,0.25
295888,0.1,0.1
295889,0,0
295890,40,1
295891,1,1
295892,0,0.1
295894,0,0.01
295895,1,1
295896,15,15
295897,1,1
295898,0.1,0
295899,40,40
295900,1,1
295901,1,1
295902,0,0.01
295903,0.01,0.01
295905,1,1
295906,0.1,0.1
295907,1,1
295909,0,0.01
295917,10,10
295918,1340,1
295919,1,1
295920,0.1,0.1
295921,0.5,0.02
295922,258,250
295923,4.31,4
295925,0,0.01
295926,0,0.01
295927,27.5,0.1
295928,0.01,0.01
295936,0,0.01
295937,30,0
295938,50,0
295941,0,0.01
295942,0,0.01
295943,0,0.01
295945,0.01,0.01
295946,60,60
295948,5507,1
295949,1,1
295950,1978,1
295951,1,1
295953,800,1
295954,1,1
295957,235,1
295958,1,1
295959,0.15,0.15
295960,1,1
295961,0,0.01
295962,482,1
295964,65,1
295965,581,1
295966,1,1
295968,0.33,0.33
295969,0,0.01
295970,1,1
295971,0.01,0.01
295972,1,1
295973,1,1
295975,1,1
295976,0,0
295983,0,0
295986,0.01,0.01
295987,0.01,0.01
295988,0,0.01
295989,0.01,0.01
295991,0,0.01
295994,1373,1
295995,273,1
295997,0,0.01
295999,610,1
296000,466,1
296001,1372,1
296002,0,0
296004,0.25,0.01
296007,0.01,0.01
296010,0.01,0.01
296012,0,0.01
296013,3,0
296016,0.01,0.01
296019,0,0.01
296023,0,0.01
296027,0,0.01
296028,0.01,0.01
296029,0,0.01
296030,0.01,0.01
296032,0,0.01
296034,633,1
296035,1,1
296036,1,1
296037,1,1
296038,0,0.01
296039,0.1,0.1
296040,0.06,0.01
296041,11,20
296042,0,0.01
296043,350,1
296044,0,0.01
296045,20,1
296046,0.01,0.01
296047,1,1
296049,5.5,25
296050,660,1
296051,0,0.01
296055,0,0
296056,0.01,0.01
296057,0,0.01
296058,0.5,0.01
296059,200,1
296060,350,1
296061,0,0
296063,0.2,0.2
296065,0.01,0.01
296066,0.5,0.01
296067,0.1,0.1
296068,0,0.01
296069,0,0.01
296072,0,0.01
296075,0,0.01
296077,2,0.1
296078,0.1,0.1
296079,125,0
296080,0,0.01
296085,200,0
296086,0,0.01
296089,1,0.1
296090,0,0.01
296094,0,0.01
296096,0,0.01
296097,130,0
296100,0.01,0.01
296103,0.01,0.01
296105,0,0.01
296106,0.01,0.01
296109,0,0.01
296112,0,0.01
296113,150,0
296115,1498,1
296116,0,0.01
296117,0.46,0.1
296118,742,1
296119,4.4,5
296123,93,1
296130,2031,1
296131,0.1,0.1
296133,0.01,0.01
296134,30,30
296138,0.02,0.02
296139,0.06,0.01
296140,0.1,0.1
296141,117,1
296142,0.06,0.01
296143,117,15
296144,18.1,0.1
296145,0,0.01
296146,1,1
296148,396,0
296149,0,0
296150,0,0
296151,0,0
296152,0,0
296154,0,0.5
296155,0,0
296157,0,0
296158,0,0
296159,0.1,0.1
296161,2696,1
296165,0,0.3
296166,0.01,0.01
296168,0,0.01
296172,0,0.01
296174,0,0.01
296180,0,0.01
296181,0,0.01
296183,0.06,0.01
296185,1.1,0.1
296188,0.1,0.1
296189,8.4,1
296190,0.1,0.1
296191,1270,1
296196,1,1
296197,0,0.01
296200,0,0.01
296202,0,0.01
296204,122,1
296206,976,1
296208,0.1,0.1
296213,0.1,0.1
296214,1.25,1.25
296215,0,0.01
296224,0.01,0.01
296228,1,0.01
296230,0.01,0.01
296231,0,0.01
296233,0,0.01
296234,0.01,0.01
296235,0,0.01
296238,0.01,0.01
296240,1,1
296241,42,1
296242,1,1
296243,1,1
296244,1,1
296245,1,1
296246,1,1
296247,278,1
296249,130,1
296251,0,0.01
296252,24.6,1
296253,0.1,0.1
296255,136,1
296257,0,0.01
296259,0.1,1
296262,0,0.01
296264,1367,1
296265,0.25,0.1
296266,0.1,0.01
296267,2,2
296268,0,0.01
296270,8.5,3
296271,0.01,0.01
296272,0,4
296275,0,0.01
296276,0,0.01
296277,0.04,0.01
296278,0.01,0.01
296282,0,0.01
296284,0,0.01
296286,0.01,0.01
296289,1,1
296292,115,1
296293,1,1
296294,2175,1
296295,0,0.01
296296,1,1
296297,0.17,0.01
296298,1,1
296299,784,1
296300,873,1
296301,51,51
296302,0,0.01
296308,0,0.01
296309,0.1,0.1
296312,0.5,0.5
296313,0.1,0.1
296314,127,127
296316,0.5,0.5
296317,0,0.1
296318,0.25,1
296319,0.5,0.1
296321,0.1,0.1
296322,4.1,0.1
296323,1,1
296325,0.01,0.01
296326,0,0.01
296327,0,0
296328,0,0
296330,0.01,0.01
296331,38,1
296332,0.1,0
296333,6.5,0.1
296334,0.75,0.1
296335,30,5
296338,10,10
296339,0,0.01
296340,0,0
296341,0.1,0
296342,75,1
296343,0,0
296344,6.9,0.1
296345,0.01,0.01
296346,0,0
296347,30,0.1
296348,0,0.01
296349,0.1,0
296351,0.1,0.1
296353,2.7,2.7
296354,2436,1
296356,0.25,0.25
296358,1005,1
296359,1.6,0.5
296360,729,1
296361,1347,1
296362,0,0.01
296363,0.07,0.01
296365,0.01,0.01
296367,0.74,0.01
296370,0,0.01
296373,0,0.01
296375,0,0.01
296376,4,4
296377,0,0.01
296379,0,0.01
296380,143,1
296381,1,1
296382,1489,1
296384,1,1
296385,1,1
296386,1,1
296388,223,1
296390,100,1
296391,0.1,0.1
296392,0.1,0.1
296393,21.5,0.1
296394,20,1
296395,1.1,0.1
296396,690,1
296397,68,1
296398,20,0
296401,0,0
296403,8250,1
296404,9000,1
296405,15,1
296406,0.2,0.1
296407,30,1
296408,15,0
296409,1265,1
296410,3,0.1
296412,6.3,0.1
296414,5,5
296415,0,0.01
296418,1,1
296419,5,1
296420,1,1
296421,0,0.01
296422,0.1,0.1
296423,2,2
296424,0.25,0.1
296425,0.1,0.1
296426,0.25,0.1
296427,1,1
296428,0.8,0.8
296430,0.25,0.25
296433,0,0.01
296434,2,2
296437,0.1,0.1
296439,13.3,1
296441,0,0
296442,0.35,0.01
296443,0.1,0.1
296445,250,0
296447,0,0.01
296450,0,0.01
296451,416,0
296453,0,0.01
296455,0,0.01
296460,770,1
296461,2334,1
296462,46,1
296463,0,0.01
296464,519,1
296465,1251,1
296466,0,1
296467,651,1
296468,138,1
296469,30,1
296470,973,1
296471,2403,1
296472,50,1
296473,82,1
296474,16,1
296475,1,1
296477,0.01,0.01
296479,0.01,0.01
296480,3,1
296481,2303,1
296483,0.5,1
296484,0.1,0.1
296485,0,0
296486,0,0.01
296487,0.01,0.01
296489,0.1,0.1
296490,3,3
296491,1,1
296492,75,1
296493,1262,1
296494,48,1
296495,0.25,0.25
296496,40,1
296497,1,1
296498,107,1
296499,0.5,0.5
296502,1,1
296503,0,0.01
296504,20,1
296505,0,0.01
296506,0.01,0.01
296509,2,2
296511,5197,1
296512,0.25,0.25
296513,0.1,0.1
296514,0.1,0.1
296516,0,0
296517,0,0.01
296518,0,0
296519,0.06,0.01
296520,0,0.01
296521,6.4,6.4
296522,1,1
296523,0,0.01
296524,0,0.01
296525,0,0.01
296526,0,0.01
296528,2,0
296529,0.02,0.01
296530,0,0.01
296535,0.25,0.01
296537,0.01,0.01
296543,0,0.01
296544,0,0.01
296545,0.75,0.75
296546,1,1
296547,1,1
296548,3084,1
296549,24,1
296550,1025,1
296551,0.1,0.1
296552,212,1
296553,1,1
296554,5758,1
296555,341,1
296556,0.3,0.3
296557,216,1
296559,1,1
296560,50,1
296561,1,1
296562,1,1
296563,166,1
296564,1.3,0.1
296566,0,0.01
296567,0.01,0.01
296570,25,1
296571,0,0.01
296572,0,0.01
296573,174,1
296574,1,1
296575,0,0.01
296576,0.3,0.3
296577,0,0
296578,1,1
296580,0,0.01
296581,0.1,0.1
296582,11,1
296583,0.7,0.01
296584,0.1,0
296585,0.1,0.1
296586,0.01,0.01
296587,5,5
296590,0,0.01
296591,0.06,0.01
296593,0.25,0.25
296594,0,0.01
296595,0,0.01
296596,0.01,0.01
296598,0.23,0.01
296600,0,0.01
296602,0,0.01
296603,177,177
296604,0,0.01
296605,0,0.01
296609,0,0.01
296611,0.25,0.1
296613,0,0.01
296615,0.1,0.01
296616,0.04,0.01
296617,25,0
296619,0,0.01
296620,0,0.01
296621,0.01,0.01
296622,0,0.01
296624,0,0.01
296626,0.1,0.1
296627,0,0.01
296628,0.01,0.01
296629,1,1
296630,1,1
296631,369,1
296632,512,1
296633,2.6,0.1
296634,58,58
296635,1,1
296636,129,1
296637,58,58
296638,58,58
296639,10,1
296643,0.75,0.75
296644,0.01,0.01
296645,0.1,0
296646,0.01,0.01
296647,10,1
296648,0.1,0.1
296649,0.01,0.01
296650,200,1
296651,0.1,0.01
296653,0.9,0.01
296654,0.1,0.1
296655,2084,1
296656,822,1
296657,903,1
296658,45,45
296660,1.64,1.64
296661,0.01,0.01
296663,9,0
296664,0.01,0.01
296666,0,0.01
296667,0,0.01
296668,0.01,0.01
296669,0.01,0.01
296670,0,0
296671,0,0.01
296672,0,0.01
296673,0,0.01
296674,0,0.01
296675,0,0.01
296680,0.01,0.01
296684,0,0.01
296685,0,0.01
296687,0,0.01
296688,0,0.01
296690,0,0.01
296691,0,0.01
296693,5.5,0.1
296694,1,1
296695,200,1
296696,691,1
296697,0.01,0.01
296701,661,1
296702,614,1
296703,1786,1
296704,1480,1
296705,482,1
296706,197,1
296707,0,0.01
296709,1.7,0.1
296710,0.1,0.1
296711,0,0.01
296713,0.06,0.01
296714,10,0.1
296715,0,0.01
296717,0,0.01
296718,0,0.01
296719,0.1,0.01
296720,0,0.01
296723,0.37,1
296724,0.01,0.01
296725,0.46,0.25
296726,0,0.01
296727,0.01,0.01
296730,3,0.1
296731,0.14,0.01
296732,0,0
296733,0.01,0.01
296735,0.01,0.01
296739,0,0.01
296742,0,0.01
296744,0.01,0.01
296750,0,0.01
296752,0,0.01
296753,2,0
296755,0,0.01
296758,0.01,0.01
296760,0.01,0.01
296762,0,0.01
296766,0,0.01
296768,0,0.01
296769,0,0.01
296771,0.01,0.01
296773,0.01,0.01
296774,1,1
296775,1,1
296776,190,1
296777,0.1,0.1
296778,1235,1
296780,196,1
296781,493,1
296782,2128,1
296783,1229,1
296784,326,1
296785,1763,1
296786,1581,1
296787,0,0.01
296789,1.8,0.1
296790,5,1
296791,0.1,0
296792,1,1
296793,0,0.01
296794,1,0.01
296795,0,0.01
296796,2477,1
296797,0.49,0.49
296798,0.02,0.02
296800,0.03,0.03
296804,2.5,2.5
296805,0.01,0.01
296806,0,0.01
296811,9.05,9.05
296812,0,0.01
296815,58.5,0.1
296816,64,0.1
296817,0.75,0.01
296819,18.3,18.3
296820,0.01,0.01
296821,0,0.01
296822,0,0.01
296823,0,0.01
296826,0,0.01
296828,0.01,0.01
296829,0.01,0.01
296831,0,0
296833,0,0.01
296836,0.01,0.01
296846,0,0.01
296849,0,0.01
296850,5.9,0.1
296851,1500,1
296852,408,1
296853,1458,1
296854,1,1
296855,1,1
296856,20,1
296857,1900,1
296858,0.01,0.01
296859,1,1
296861,1.8,1.8
296862,1,1
296863,1877,1
296864,5.35,10
296865,0.25,0.25
296866,0,0.01
296867,1293,1
296868,1308,1
296869,0,0.01
296870,2,0
296871,1567,1
296872,1493,1
296873,0.1,0.5
296874,295,1
296875,0,0.01
296877,2091,1
296878,408,1
296879,109,1
296882,31,1
296883,0.1,1
296884,0,0.01
296885,0.1,0.1
296886,1,1
296887,1179,1
296888,0,0.01
296889,0.15,0.15
296890,1036,1
296891,14,14
296892,0.02,0.01
296894,3,3
296895,7.08,1
296896,182,1
296898,0.65,0.65
296900,3.6,0.01
296901,1,1
296902,3.5,3.5
296903,0,0.01
296905,9.7,8
296907,6.04,1
296909,0.1,0.1
296911,0,0.01
296912,0,0.01
296915,0.01,0.01
296916,0.01,0.01
296917,2.1,2.1
296919,54,1
296920,0,0.01
296921,0,0.01
296922,0.01,0.01
296925,0,0.01
296926,0,0.01
296930,0,0.01
296933,624,1
296934,0.01,0.01
296935,0,0.01
296936,0.01,0.01
296937,262,0
296939,0.01,0.01
296940,0.01,0.01
296942,0,0.01
296943,0,0.01
296945,0.01,0.01
296949,1,1
296950,0,0.01
296951,1066,1
296952,1,1
296954,450,1
296956,290,1
296957,0,0.01
296958,119,1
296959,8,8
296960,0.9,0.9
296962,42.4,42.4
296965,16.1,16.1
296966,1.4,1.4
296968,1,1
296969,0,0.01
296970,195,1
296971,8,1
296972,2180,1
296973,100,1
296974,420,1
296975,41,41
296976,100,0.1
296977,0.5,0.1
296978,325,0
296979,0.01,0.01
296980,1374,1
296981,1015,1
296982,3.5,0
296983,25,1
296984,264,1
296985,2287,1
296986,94,1
296987,10,1
296988,0,0.01
296989,0.25,0.25
296990,0,0.01
296992,0,0
296994,0.1,0.1
296996,7,5
296997,0.1,0.1
296998,0,0.01
297000,1,1
297003,0.01,0.01
297004,0,0.01
297005,0,0.01
297006,0.6,0.6
297007,1.2,1.2
297009,0.01,0.01
297010,16,16
297011,0.01,0.01
297012,29,1
297013,55,1
297015,7,7
297018,51.5,1
297019,5.9,5.9
297020,0.33,0.01
297022,0,0
297023,5,5
297025,0.1,0.1
297026,24.1,1
297027,1,1
297028,220,1
297030,0.37,0.01
297031,3,0.01
297034,0.1,0.1
297037,0.01,0.01
297039,0.01,0.01
297040,0.1,0.1
297041,0,0
297042,0.01,0.01
297043,1,0.01
297044,0,0
297045,4,4
297046,0.01,0.01
297047,1.5,1.5
297048,0.01,0.01
297049,0.01,0.01
297050,0,0
297053,3.3,3.3
297054,0.1,0.01
297055,0,0.01
297056,0.1,0.1
297059,7,7
297061,1,1
297062,0.1,0.01
297064,0.01,0.01
297066,0.01,0.01
297067,70,1
297068,0.1,0.1
297070,0,0.01
297071,0.1,0.1
297075,0,0.01
297076,0.01,0.01
297078,0,0.01
297082,0.01,0.01
297083,0,0.01
297084,0.01,0.01
297086,30.3,10
297090,0,0.01
297097,0,0.01
297098,0,0.01
297099,0.01,0.01
297100,0,0.01
297102,0.01,0.01
297103,0,0.01
297104,1.5,0.01
297109,556,1
297110,643,1
297111,1,1
297112,1374,1
297113,97,1
297114,601,1
297115,251,50
297116,858,1
297118,3.1,3.1
297120,4.7,4.7
297121,9.1,9.1
297123,1,1
297124,0.5,0.5
297125,210,1
297127,1,1
297128,0.1,0.1
297130,0,0
297131,562,1
297132,0,0
297135,224.6,224.6
297137,122,0
297138,3,1
297139,0.1,1
297140,0.01,0.01
297141,0.1,0.1
297145,1043,1
297146,0.1,0
297147,41,1
297148,1695,1
297149,786,1
297150,0.5,0.1
297155,3353,1
297156,0.25,0.25
297157,658,1
297158,0.02,0.01
297162,688,1
297163,0.25,1
297164,1,1
297165,4.79,4.79
297167,0,0
297168,2609,1
297170,20,0.01
297171,2,1
297172,0,0.01
297173,2870,1
297174,0.49,0.49
297175,122,1
297176,230,1
297179,2592,0.1
297180,0,0.01
297181,1200,1
297185,645,1
297186,1542,1
297187,0,0.01
297188,0,0.01
297189,0,0.01
297191,1,1
297192,614,1
297194,223,1
297197,0.4,0.4
297200,200,30
297201,135,1
297202,150,0
297203,557,1
297204,0.1,0.1
297205,0,0.01
297206,1200,1
297207,72,1
297211,0,0
297212,25,1
297213,1308,1
297214,0.1,0.1
297215,0,0.01
297220,915,1
297221,1.2,1.2
297222,221,1
297224,2,1
297228,245,1
297229,234,1
297231,1,1
297232,0,0.01
297234,20,20
297235,1,1
297236,0,0.01
297239,0.21,0.01
297240,31,1
297241,346,0.1
297243,0,0.01
297246,0,0.01
297247,2327,1
297248,0.1,0.1
297249,226,1
297252,2,1
297254,1510,1
297256,123,1
297257,0,0.01
297258,0,0.01
297259,3.5,0.1
297260,228,1
297261,0,0.01
297262,374,1
297264,121,1
297265,0,0.01
297268,537,1
297269,0,0.01
297270,0,0
297271,5,0
297272,260,20
297274,1,1
297277,94,0
297278,2.7,2.7
297279,4125,1
297280,1771,200
297281,0.01,0.01
297282,0.01,0.01
297284,0.25,0.25
297285,248,1
297286,0,0.01
297287,0.1,0
297288,2691,1
297289,0.01,0.01
297290,1922,1
297291,1200,1
297295,5,5
297296,0.1,0.1
297297,0,0
297298,1532,1
297299,735,1
297301,0.25,0.25
297302,1,1
297304,0.1,0.1
297305,0.01,0.01
297307,47.5,47.5
297308,0.85,0.85
297309,0,0.01
297310,0.25,0.01
297311,0.1,0.1
297313,671,1
297314,0.25,0.25
297316,0.12,0.12
297318,3.5,0
297322,0,0
297325,4,0
297327,0.25,0.25
297329,0,0.01
297331,12,1
297332,150,20
297333,1,1
297334,0.1,0.1
297335,0.01,0.01
297337,218,1
297338,0,0.01
297339,1,1
297340,18,20
297341,100,1
297342,0,0.01
297344,1915,1
297345,83,1
297346,320,1
297349,1164,1
297350,142,1
297351,42,10
297353,1,1
297354,0,0
297355,0,0.01
297356,1,1
297357,0.1,0.1
297358,2200,1
297360,0,0.01
297361,4792,1
297362,194,1
297363,0,0
297364,6.7,0.1
297365,1357,1
297367,1,1
297369,0.1,0
297373,0.25,0.01
297375,171.898,30
297379,0,0.01
297380,0,0.01
297387,127,1
297392,3.61,1
297395,554,1
297396,350,1
297397,1248,1
297399,1,1
297400,0,0.01
297401,0.13,0.13
297407,0.1,0.1
297409,0.1,0.1
297411,38,38
297413,0.3,0.1
297416,1333,1
297417,430,0
297419,0,0.01
297420,0.1,0.1
297422,0.5,0.5
297425,0,0.01
297427,0,0.01
297431,0,0.01
297434,0,0.01
297436,7986,1
297437,1279,1
297438,1080,1
297439,3224,1
297441,0.1,0.1
297443,12.5,12.5
297445,11,11
297446,0.25,0
297448,0.1,0.1
297450,0.1,0.1
297452,5569,5569
297454,1.2,1.2
297455,0.33,0.1
297456,6.3,6.3
297457,1,1
297458,0,0.01
297459,0.25,0.01
297460,0.1,0.1
297462,1,1
297463,1917,1
297464,344,344
297465,0.1,0.01
297468,1.7,2
297469,0,0.01
297471,0,0.01
297472,2816,2816
297473,1,1
297476,0,0.01
297477,0.1,0.1
297479,0,0.01
297482,0,0.01
297484,0,0.01
297486,0,0.01
297487,0.25,0.25
297488,0.25,0.25
297489,960,1
297490,327,1
297491,0.5,0.01
297492,26,1
297493,0,0.01
297494,8,8
297495,2535,1
297496,13,0.5
297497,1,1
297500,2,2
297501,68.7,68.7
297502,3,3
297503,0.1,0.1
297504,6.1,6.1
297507,0,0
297508,30,1
297509,1,1
297510,0,0
297514,0.8,0.8
297515,375,1
297517,0.4,0.4
297518,0.2,0.2
297520,0.1,0.1
297521,0,0
297524,1,1
297525,1.54,2
297527,1,1
297528,0,0.01
297529,0.25,0.1
297530,1,1
297531,5,10
297534,0.1,0.1
297536,0,0.01
297539,3,3
297540,0.1,1
297542,15.2,15.2
297544,0.1,0.1
297546,3,3
297547,1,1
297550,10.5,0.5
297551,0.1,0.1
297552,0.25,0.5
297553,1.3,1.3
297556,2.3,2.3
297557,0,0.01
297560,5,0
297561,247,0
297564,0.1,0
297565,200,0
297569,0,0.01
297570,0.01,0.01
297574,0,0.01
297575,135,1
297576,1960,1
297577,992,1
297578,502,1
297579,420,1
297581,1900,1
297582,415,1
297583,2932,1
297584,1878,1
297585,629,1
297587,1884,1
297588,1300,1
297589,0,0.01
297590,1250,1
297591,86,1
297592,1718,1
297593,31,1
297594,860,1
297595,167,1
297596,1420,1
297597,968,1
297598,1,1
297600,926,1
297601,1,1
297602,1640,1
297604,55,1
297605,135,1
297606,18,1
297607,900,1
297608,660,660
297609,58,1
297610,150,1
297613,1037,1
297614,879,1
297616,55,1
297617,50,1
297620,3,0.1
297621,936,1
297622,0.1,0.1
297623,2641,1
297624,50,1
297626,0.2,0.2
297627,4378,1
297628,214,214
297629,10,1
297630,1,1
297632,0.55,0.5
297633,5,0.1
297634,19,6
297635,0,0
297637,0.5,0.5
297639,1,1
297642,5,5
297643,2800,1
297644,3,3
297646,35,35
297649,125,1
297652,7,7
297653,3,3
297654,461,1
297655,80.5,1
297656,1,1
297657,0.1,0.1
297660,0,0.01
297661,20,20
297662,15,0.1
297664,9,9
297666,2,2
297667,1,0.25
297668,4.3,4.3
297669,802,1
297674,137,1
297675,100,1
297677,120,1
297678,0.01,0.01
297680,7.6,1
297681,0.42,0.42
297691,0,0.01
297693,133,1
297694,690,1
297695,472,1
297696,56,1
297697,0.12,0.01
297698,395,1
297699,100,1
297701,250,1
297702,20,1
297703,95,1
297704,10,1
297705,1,1
297706,10,1
297707,0.2,0.2
297708,1,1
297709,519,519
297710,800,1
297711,0.1,0.1
297713,150,1
297714,1,1
297716,15,1
297717,539,1
297718,70,1
297719,1327,1
297722,160,1
297723,73,1
297725,303,1
297726,21,1
297727,8,1
297728,0.1,0.1
297729,1,1
297730,560,0.1
297731,429,1
297734,0,0.01
297735,38,1
297736,10,1
297737,50,20
297738,0.76,0.76
297739,42.7,42.7
297741,1,1
297743,20,20
297748,1,1
297749,2755,3
297750,1,1
297751,46.1,15
297753,1.1,0.5
297754,122,1
297755,130,0
297756,2.43,1
297757,15,15
297758,184,184
297760,700,0.1
297761,79,1
297762,0.5,1
297764,0.1,0.1
297765,0.01,0.01
297768,98.29,0.1
297769,0,0.01
297771,1.5,1.5
297781,458,1
297782,0,0.01
297783,0.01,0.01
297786,536,1
297787,1,1
297788,4,0.1
297789,1,0.1
297790,23,1
297791,284,1
297793,286,1
297794,0.95,1
297795,30,30
297796,2,2
297797,7.5,7.5
297798,4.7,4.7
297799,0.1,0.1
297801,110,1
297802,3.25,3.25
297803,29,0
297804,1,1
297805,251,0
297806,0,0.01
297807,3.1,1.5
297809,2,0.5
297810,1,1
297811,100,0
297812,360.94,8
297816,3,3
297817,4,1
297818,100,25
297819,0.5,0.5
297820,0,0.01
297822,1,1
297823,10,1
297824,0.02,0.01
297825,3,1
297826,1,1
297827,17.2,1
297828,19,1
297829,26,1
297830,300,1
297831,1,1
297832,1,1
297833,290,1
297834,180,1
297835,200,1
297836,560.5,1
297837,1,1
297838,680,1
297839,219,1
297840,1,1
297841,322,1
297842,16,1
297843,607,1
297844,80,1
297849,10,5
297850,0.06,0.01
297852,8.87,1
297853,0.1,0.1
297854,0.1,1
297855,16.68,0.5
297856,1,1
297857,0,0
297858,640,1
297859,0,0
297861,607,0
297862,0.5,0.5
297863,2.85,2.85
297866,76,76
297867,150,1
297870,0.01,0.01
297871,0.01,0.01
297872,0.1,0.1
297876,5.3,5.3
297877,0,0.01
297879,350,0
297880,0,0.01
297891,0,0.01
297892,0.01,0.01
297895,0,0.01
297896,0.01,0.01
297897,0,0.01
297898,0,0.01
297899,0,0.01
297902,400,1
297905,2019,1
297906,2327,1
297907,2740,1
297908,1312,1
297910,500,1
297911,539,1
297913,0,0.01
297917,0.1,0.1
297919,0.2,0.1
297920,0,0.01
297921,1,1
297922,1,1
297923,1,1
297925,132,0
297926,234,1
297927,320,100
297929,0.1,0
297931,0.1,0
297933,1,1
297934,1043,1
297935,4,1
297936,4075,1
297937,219,1
297938,371,1
297939,16,1
297940,571,1
297941,1469,1
297942,1156,1
297943,884,1
297944,4447,1
297945,0,0
297946,0,0.01
297947,0.1,0
297951,266,0
297952,1,1
297953,0,0
297954,0,0
297955,36.6,15
297958,5.3,0
297962,976,976
297963,0,0.01
297965,900,0
297966,170,0
297967,3,0
297971,0,0.01
297978,0.01,0.01
297979,0,0.01
297980,0.01,0.01
297981,0,0.01
297983,0,0.01
297984,0.01,0.01
297985,761,1
297986,1,1
297987,1,1
297988,48,1
297989,232,1
297991,0,0.01
297992,0.01,0.01
297993,463,1
297995,0,0
297996,1,1
298000,0,0.01
298001,5,1
298002,0,0.01
298004,0.1,0.1
298006,2.8,2.8
298007,116,10
298008,50,1
298009,6.4,1
298010,0.1,0.1
298011,0.1,0.1
298012,0,0.01
298016,1.3,1.3
298017,932,932
298019,4.36,4.36
298020,2.73,1.5
298022,0.01,0.01
298023,0.1,0.1
298024,3.5,4
298032,0,0.01
298035,0,0.01
298036,0.01,0.01
298038,0,0.01
298039,0,0.01
298046,0.02,0.01
298047,120,1
298048,1494,1
298049,3045,1
298050,968,1
298051,1164,1
298052,0,0.01
298053,93,1
298054,3175,1
298055,1205,1
298056,3115,1
298057,2232,1
298058,1075,1
298059,524,1
298060,1,1
298062,0.1,0.1
298064,1.7,1.7
298065,0.1,0.25
298066,0.25,0.25
298067,1336,1
298068,1289,1
298069,2693,1
298070,281,1
298071,4943,1
298073,1044,1
298074,1344,1
298075,802,1
298076,6,6
298077,7,7
298079,2,2
298080,1,1
298082,13,13
298083,2.2,2.2
298084,27,27
298085,44.32,30
298088,553,100
298091,0.1,0.1
298095,0,0.01
298097,43,43
298098,1.3,1.3
298099,4,4
298100,2.78,2
298101,2,0
298102,0.01,0.01
298104,0,0.01
298106,0,0.01
298109,0,0.01
298111,2207,1
298112,1347,1
298113,3637,1
298114,907,1
298115,3700,1
298116,75,1
298117,2364,1
298119,5032,1
298120,1131,1
298122,41,1
298123,208,1
298124,157,157
298125,1213,1
298126,433,1
298127,567,1
298128,1400,1
298129,135,135
298130,500,1
298131,821,1
298132,1227,1
298133,2528,1
298134,1463,1
298135,4937,1
298137,8196,1
298139,400,1
298140,2225,1
298141,2234,1
298142,1,1
298143,1286,1
298144,1204,1
298145,2533,1
298146,0,0.01
298147,142,1
298148,1185,1
298150,1,1
298151,0,0
298152,0.1,0.1
298153,55,1
298154,0,0
298156,1456,1
298157,1701,1
298158,4.5,1
298160,0,0.01
298161,1088,1
298162,1159,1
298164,0,0.01
298165,0,0.01
298166,320,1
298168,0.75,0.75
298171,501,0.5
298172,216,1
298174,1,1
298175,374,1
298176,112,1
298177,0.25,0.25
298178,884,0.1
298179,17.1,0.1
298180,0.1,0
298181,0,0
298186,0.22,0.22
298188,0.25,0.1
298189,51,1
298191,0.18,0.25
298192,1.22,0.1
298193,0,0
298194,0,0
298195,0,0
298196,215,1
298197,8.7,0.1
298198,1.5,0.5
298199,0.1,0.1
298200,200,1
298201,1087,1
298203,15,15
298204,933,1
298205,45,1
298212,145,1
298213,2,2
298216,0,0.01
298219,11.4,7.9
298223,0,0.01
298224,0.01,0.01
298226,0,0.01
298227,0.5,0.1
298229,0,0.01
298232,0,0.01
298235,0,0.01
298236,0,0.01
298241,1160,1
298242,515,1
298243,1610,1
298244,500,1
298245,1718,1
298246,60,1
298247,1900,1
298248,783,1
298249,2681,1
298250,522,1
298251,3288,1
298252,200,1
298253,4325,1
298254,38,1
298255,1300,1
298256,2.3,2.3
298257,165,1
298258,1.6,1.6
298259,1391,1
298260,1107,1
298261,0.1,0.1
298262,0,0.01
298263,284,1
298264,0.1,0.1
298265,0,0.01
298266,377,1
298267,257,1
298268,300,1
298269,1388,1
298270,10.6,9
298273,76,1
298274,1183,1
298275,90,1
298276,1,1
298277,101,1
298280,34,1
298281,0.01,0.01
298282,0.1,0.1
298283,291,1
298284,300,0
298285,452,452
298286,179,179
298287,34,34
298289,213,213
298290,1,1
298291,9.32,9.32
298292,1.55,1.55
298293,1,1
298294,0,0.01
298295,0.1,0.1
298296,40,1
298297,28,1
298298,139.96,1
298299,19,5
298304,0.1,0.1
298307,0.4,0.1
298316,129,1
298317,0.25,0.25
298319,0.1,0.1
298320,0.1,0.1
298321,1,1
298322,315,315
298324,0.25,0.25
298325,0.1,0.5
298327,8,1
298328,0,0
298329,1178,1
298332,0,0.01
298333,0.16,0.1
298334,0.1,0.1
298337,1,1
298339,3,3
298340,0,0.01
298341,1,1
298342,0,1
298346,0,0.01
298348,0,0.01
298349,7,7
298350,723,0
298351,160,0
298354,255,0
298359,0,0.01
298361,0,0.01
298363,51000,1
298364,0.1,0.1
298365,0.1,0.1
298366,4820,1
298367,0.5,0.5
298368,759,1
298370,335,1
298371,4.3,4.3
298372,0,0.01
298373,320,0
298374,1,1
298375,16,1
298377,1,1
298378,1,1
298380,0.01,0.01
298381,2004,1
298382,711,1
298383,1638,1
298384,1570,1
298385,1501,1
298387,40,1
298388,1,1
298389,253,1
298390,0.5,0.5
298393,52,1
298394,3.18,3.18
298396,8.8,10
298397,0.3,0.1
298398,1,1
298400,119,1
298401,503.9,1
298403,11,11
298404,0.5,0.5
298407,142,40
298410,779,1
298414,0.1,0.1
298415,140,0
298417,0,0.01
298418,2,0
298421,0.1,0.1
298422,0.01,0.01
298424,0.01,0.01
298425,0.1,0.1
298426,0,0.01
298427,3.31,3.3
298438,1.1,1.1
298439,0.01,0.01
298440,35,35
298443,0.1,0.1
298449,0,0.01
298451,0.01,0.01
298452,0,0.01
298457,0,0.01
298458,0,0.01
298460,0,0.01
298462,0,0.01
298463,0,0.01
298464,418,1
298465,0,0.01
298467,1,1
298468,0,0
298469,174,1
298471,0,0
298473,438,1
298478,0,0.01
298479,0.1,0.1
298480,56,1
298482,0.1,0.1
298483,35,1
298484,67,1
298485,0,0
298488,0.25,0.25
298489,0.25,0.25
298491,2383,1
298492,468,1
298493,0,0.01
298494,591,0
298497,52,30
298499,5,0
298501,522,1
298503,1,1
298504,0.5,0.5
298505,10,1
298506,650,1
298507,15.5,0.1
298510,0.1,0.1
298513,0.1,0
298514,0.25,0.25
298515,0.1,0.1
298518,0.1,0.1
298521,2,2
298522,0,0.01
298523,0,0.01
298525,330,40
298526,11,11
298528,0.5,0.01
298529,0.1,0
298530,311.4,4
298531,59.7,5
298533,0,0.01
298536,0,0.01
298538,13,0
298539,10,10
298543,0,0.01
298549,0.01,0.01
298551,0,0.01
298559,0,0.01
298560,0,0.01
298562,0,0
298563,660,1
298566,0.1,0.1
298567,0.01,0.01
298569,0.01,0.01
298571,0,0.01
298573,0.1,0.1
298575,0,0.01
298578,0.1,0.1
298581,0.1,0.1
298584,1,1
298585,31.4,5
298586,38,38
298587,72,72
298588,0.1,1
298589,554,5
298595,2.1,2.1
298596,1230,0
298597,0.1,0.1
298598,0.1,0.1
298601,0,0
298602,0,0.01
298603,12,1
298604,4.5,15
298614,0.01,0.01
298616,0.01,0.01
298617,336,1
298618,2069,1
298619,192.9,1
298620,955,1
298621,15,0
298622,4,0
298624,0,0.01
298629,2,2
298630,0,1
298631,0,0.01
298634,0.25,0.25
298635,10,10
298636,0.01,0.01
298637,8.9,8.9
298638,3.5,3.5
298652,0,0.01
298653,3.2,3.2
298658,0.1,0.1
298659,0.1,0.1
298660,0,0.01
298663,0,0.01
298664,10.5,10.5
298667,0.1,0
298670,0.1,0
298671,1.2,1.2
298675,400,1
298676,693,1
298677,770,1
298678,2149,1
298681,247,1
298682,215,1
298683,200,1
298684,150,1
298685,1,1
298686,1200,1
298687,1037,1
298688,1554,1
298690,2.2,0
298691,2414,1
298692,0,0.01
298693,1,0
298694,71,71
298695,0,0.01
298696,0.1,0.1
298697,20,1
298699,0.25,0.25
298701,1,1
298704,0.1,0.1
298709,1,1
298710,913,1
298711,2.6,2.6
298712,30,1
298713,0.1,0.1
298714,892,1
298717,544,0
298718,0.25,1
298722,87,87
298727,30.24,30.24
298728,0,0.01
298730,1.5,1.5
298738,11,0.1
298745,0,0.01
298746,0,0.01
298748,0,0.01
298750,0,0.01
298754,0,0.01
298757,3,3
298759,317,1
298760,1,1
298761,100,1
298762,5595,1
298763,881,1
298764,750,1
298765,1149,1
298766,1567,1
298767,2381,1
298768,500,1
298769,2471,1
298770,922,1
298771,798,1
298772,1,1
298773,0,0.01
298775,2043,1
298776,605,1
298777,155,1
298778,481,1
298779,382,1
298780,0.01,0.01
298781,0,0.01
298782,199,1
298783,258,1
298784,1000,1
298786,6289,1
298787,5,0.1
298788,1597,1
298789,244,1
298790,10,1
298791,17,1
298792,1257,1
298793,4390,1
298794,1,1
298795,267,1
298796,189,1
298797,0,0
298799,1849,1
298801,0.1,0.1
298802,30,1
298803,1,1
298804,0.01,0.01
298806,1758,1
298807,1,1
298808,1,1
298809,100,1
298811,0,0.01
298813,459,1
298815,11.2,11.2
298816,0.1,0.1
298817,0.5,1
298818,75,0
298819,2,0.1
298820,0.1,0
298821,6,3
298822,758,1
298823,1,1
298824,3299,1
298825,3184,1
298826,1,1
298827,802,1
298828,1,1
298829,658,1
298830,9,9
298831,100,1
298832,3037,1
298833,901,1
298834,1994,1
298835,1498,1
298836,1413,1
298838,2287,1
298839,2215,1
298841,3563,1
298842,2716,1
298843,435,1
298845,343,1
298846,0.1,0.1
298847,50,1
298848,480,1
298849,868,1
298850,5,1
298852,3.5,3.5
298853,1,1
298854,1,1
298855,1,1
298856,0,0.01
298857,0.5,0.5
298858,0,0
298862,1,1
298864,17.5,10
298865,0.22,0.5
298867,15,15
298868,221,40
298869,1.5,1
298870,0,0
298871,9.7,9.7
298872,36,16
298873,11,11
298895,1602,1
298899,0,0.01
298913,120,1
298939,0.23,0.23
298941,0.1,0.1
298960,43,1
298965,0.1,0.1
298978,1242.7,1
298979,299,1
298988,1690,1
299023,4022,1
299025,0.1,0.1
299026,1588,1
299052,18,18
299063,1680,1
299084,174,174
299115,490,1
299131,1636,1
299138,2,2
299141,5463,1
299147,0.3,0.1
299156,600,1
299164,30,30
299173,1605,1
299198,24,24
299223,1,1
299224,20,1
299230,1704,1
299246,3652,1
299249,9,9
299270,0,0.01
299277,12,12
299296,10,10
299299,1171,1
299309,15,1
299311,51,1
299328,35,1
299330,0.1,0.1
299340,392,1
299344,31,1
299350,2316,1
299361,3.6,3.6
299362,1153,1
299365,23,1
299367,16,1
299369,1,1
299371,1945,1
299372,103,1
299373,4344,1
299374,0,0
299376,529,200
299377,0.1,1
299379,2,2
299380,0.1,0.1
299381,0.1,0.1
299382,0.1,0.1
299383,3,3
299384,0,0.01
299385,21,21
299387,0.1,0.1
299389,493.74,10
299390,30,5
299391,0.01,0.01
299392,0.1,0.1
299394,0.5,0.5
299395,0,0.01
299397,9,9
299398,0.01,0.01
299399,39,25
299402,14,14
299403,0,0
299404,0.1,0.1
299405,5,5
299406,0,0.01
299407,0.1,0.1
299409,0,0.01
299411,0,0.01
299415,0,0.01
299420,0,0.01
299421,0.01,0.01
299422,983,1
299423,470,1
299424,800,1
299425,256,1
299426,605,1
299428,0,0.01
299429,3241,1
299431,0.25,0.25
299432,1,1
299433,0.5,0.5
299434,0.25,0.25
299435,0.25,0.25
299436,0.25,0.25
299437,0.25,0.25
299438,0.25,0.25
299439,0.25,0.25
299440,0.25,0.25
299441,0.25,0.25
299442,0.25,0.25
299443,0.25,0.25
299444,0.25,0.25
299445,1,1
299446,0.25,0.25
299447,0.25,0.25
299448,0.25,0.25
299449,0.25,0.25
299450,0.25,0.25
299451,0.25,0.25
299452,14.4,9
299453,0.25,0.25
299454,2,2
299455,13,1
299456,14,14
299457,1,1
299458,0.25,0.25
299459,0.25,0.25
299460,0.25,0.25
299461,289,1
299462,0,0.01
299463,54,54
299464,93,93
299465,0.25,0.25
299466,34.8,34.8
299467,1.47,1.47
299468,6.9,6.9
299469,39,1
299470,10,10
299472,2.6,2.6
299473,0.1,0.1
299474,307,1
299475,65.1,65.1
299476,1,1
299477,30,30
299478,50,50
299479,8,8
299480,3,3
299481,1,1
299482,4.24,4.24
299484,205,0
299485,380,380
299489,139,139
299490,0,0.01
299491,1,1
299493,285,1
299494,0.1,0.1
299497,1,1
299498,35.5,35.5
299499,13,13
299500,42,42
299501,0.25,0.25
299502,1,1
299503,0.25,0.25
299504,0.25,0.25
299505,0.25,0.25
299506,0.1,0.1
299511,1,0.1
299512,2,2
299513,0,0.01
299514,5,5
299516,2,2
299517,0,0.01
299518,3.6,3.6
299521,319,1
299522,757,1
299523,1064,1
299524,5.7,0.1
299525,0,0.01
299526,1.5,1.5
299527,4,4
299528,40,40
299529,5,5
299531,0.5,0.5
299532,0,0.01
299533,0.2,0.2
299536,0.78,0.1
299537,116,0
299541,68,0
299542,0.11,0.01
299543,0,0.01
299544,9.4,9.4
299545,1,1
299546,30,30
299547,1,1
299548,2,2
299549,3,3
299550,2,2
299552,30,30
299553,7,7
299554,3.5,3.5
299555,0.5,0.5
299556,0.1,0.1
299557,1,1
299558,10,10
299559,8,8
299560,6,6
299561,0.01,0.01
299565,0,0.01
299567,0,0.01
299569,2,2
299570,5,5
299571,10,10
299572,1,1
299573,1,1
299574,1,1
299575,2996,1
299577,1915,1
299578,20.5,20.5
299579,0.1,0.1
299580,50,50
299581,20,1.5
299584,200,0
299587,0.1,0.1
299588,0.1,0.1
299589,0.1,0.1
299590,0,0.01
299591,0,0.01
299595,0.01,0.01
299600,8,8
299601,30,30
299606,200,1
299607,31,1
299608,1,1
299610,0.1,0.1
299611,363,0
299612,5,5
299613,110.6,0
299614,32,32
299615,36,36
299616,170,170
299617,130,0
299618,2,2
299623,0,0
299624,2,0.01
299625,180,0
299627,137,0
299629,0.01,0.01
299630,30,0.1
299633,150,0
299635,0.25,0.01
299636,2,1
299638,0,0
299640,15,15
299642,1,1
299643,3.25,2.5
299644,0,0.01
299647,0,0.01
299649,0.01,0.01
299650,500,0
299651,0,0.01
299652,0,0.01
299654,1.1,1.1
299656,0,0.01
299659,936,1
299660,0,0.01
299661,0,0
299664,0,0.01
299665,0,0.01
299666,0.1,1
299667,0.2,0.2
299668,65,35
299669,1,1
299670,0.25,0.1
299671,1519,1
299673,6.6,3
299674,290,200
299675,0.1,0.1
299676,0,0
299677,1.5,1.5
299678,0,0.01
299679,52,1
299680,3.2,0.5
299681,568,1
299682,240,1
299683,0,0.01
299685,0,0.01
299689,1,1
299691,5.25,2
299692,0,0.01
299695,0,0.01
299697,0,0.01
299698,0.75,0.75
299699,0,0
299700,0,0.01
299701,0,0.01
299702,102.8,120
299703,0.01,0.01
299704,0,0.01
299708,0,0.01
299714,0,0.01
299715,3815,1
299717,1250,1
299718,5377,1
299719,0.5,0.5
299720,463,1
299721,1162,1
299722,670,1
299723,475,1
299724,1,1
299725,1052,1
299726,3240,1
299727,0,0
299728,2780,1
299729,2689,1
299730,0,1
299732,1025,1
299733,1,1
299734,284,1
299735,599,1
299736,0.5,0.5
299737,1,1
299738,25,25
299739,1,1
299740,2,2
299741,5,5
299742,1,1
299743,5,5
299744,1,1
299745,4,4
299746,5,5
299747,1,1
299748,10,10
299749,3,3
299750,12,12
299751,8,8
299752,10,10
299753,10,10
299754,57,57
299755,0.5,0.5
299756,0.15,0.15
299757,2.5,2.5
299759,0,0.01
299762,1793,1
299763,1000,1
299766,15,0.1
299767,0.1,1
299768,1,1
299771,13,5
299773,0.1,0.1
299776,0,0.01
299779,0,0.01
299780,0.3,0.3
299781,1,1
299784,0,0.01
299785,1,5
299791,14,19
299793,0,0.01
299794,0,0.01
299795,0,0.01
299796,400,0
299797,0,0.01
299798,0,0.01
299800,0.5,0.1
299802,303,0
299804,0,0.01
299808,117,1
299809,70,1
299810,1743,1
299811,1328,1
299812,1085,1
299813,1495,1
299814,440,1
299815,483,1
299816,955,1
299817,2413,1
299818,2793,1
299819,0,0.01
299820,3673,1
299821,992,1
299822,93,1
299823,1.8,1.8
299824,115.9,115.9
299825,1,1
299826,1349,1
299827,1385,1
299828,15.78,2
299829,67,1
299831,130,1
299832,109,1
299833,334,1
299834,568,1
299835,0.1,0.1
299836,0.1,0.1
299837,0.15,0.15
299838,1,1
299839,0.25,0.25
299840,0,0.01
299841,136,30
299842,535,1
299843,603.4,603.4
299844,0.25,0.25
299846,501,1
299847,2300,1
299848,0.25,0.1
299849,363,6
299850,26,1
299851,0.25,0
299854,0.25,0.25
299857,0.1,0.1
299859,28,1
299861,1.2,1
299862,500,1
299863,8.2,8.2
299864,221,1
299865,133,1
299866,54.5,4
299867,2,0
299868,2.5,0
299869,2.5,0.1
299870,1.25,1.25
299871,2,2
299872,1,1
299873,3,3
299874,1,0
299875,7,7
299876,1,1
299877,1,1
299878,1,1
299879,1,1
299881,150,0
299882,0,0
299883,5.36,4.5
299886,0.3,0
299887,985,1
299888,0.1,0.1
299889,0,0.01
299890,0,0.01
299891,5.4,0.1
299892,0.1,0.1
299893,1,0.5
299894,0.5,0.25
299896,325,0
299897,0.1,0.25
299898,3,1
299899,0.25,0.01
299900,10,10
299902,0,0.01
299903,80,1
299904,105,0
299905,0.1,0.1
299906,50.7,5
299909,0.37,0.25
299911,659,1
299912,1,1
299913,0.5,0.5
299914,0.4,0.4
299915,243,1
299916,0,0.01
299917,2783,1
299919,0,0.01
299921,55,1
299922,1.42,1
299923,70,70
299924,0,0.01
299926,0,0.01
299931,0,0.01
299932,8,8
299936,0.1,0.1
299937,350,1
299938,356,1
299939,0.25,0.25
299940,0.25,0.25
299942,0.25,0.25
299943,0.25,0.25
299944,0.8,0.8
299945,1627,1
299946,1,1
299947,1,1
299948,1,1
299949,1,1
299950,1,1
299951,1,1
299952,1,1
299953,1,1
299954,1,1
299955,1,1
299956,1,1
299957,1,1
299958,1,1
299959,1,1
299960,1,1
299961,1,1
299962,1,1
299963,1,1
299964,1,1
299965,1,1
299966,982,1
299967,4215,1
299968,125,1
299969,0,0
299971,10,1
299973,1,1
299974,629,1
299975,392,1
299976,1,0
299978,500,500
299980,0.5,0.1
299983,60,60
299984,15.2,0.1
299985,0.1,0.1
299986,0.25,0.25
299987,152.7,152.7
299988,100,100
299989,0,0
299990,50,50
299991,100,100
299992,25,25
299993,140,140
299994,0,0
299995,143,143
299997,1,0.1
299999,0,0
300000,0.1,0.1
300001,0.1,0.1
300002,2,2
300004,0.1,0.1
300005,0.1,0.1
300006,300,300
300010,2.8,0.01
300013,41,5
300014,0.25,0.25
300015,0.1,0.1
300016,0.1,0.1
300017,0.1,0.1
300018,0.1,0.1
300019,300,300
300020,0.15,0.15
300021,0.1,0
300022,1,1
300023,1.5,1.5
300026,1,1
300027,5,5
300028,0,0.01
300029,0.1,0.1
300030,0.1,0.1
300031,80,1
300032,1,1
300033,7,8
300034,2.8,1
300035,0.1,0.1
300039,9,9
300040,1,1
300042,55,0.1
300043,14,25
300044,0.1,0.1
300046,1,1
300047,0.01,0.01
300049,0.1,0.1
300050,0.1,0.1
300051,0.1,0.1
300052,110,110
300053,277,0
300054,3369,1
300055,0.1,0.1
300056,0,0
300057,0.5,0.5
300058,5,5
300059,6,6
300060,40,40
300061,0,0.01
300062,8,3
300063,0.1,0.1
300064,1.6,0.5
300065,1,1
300066,1,1
300067,2,2
300069,0.5,0.01
300070,3,0
300071,0.25,0.25
300072,1,1
300073,1,1
300074,1,1
300075,0,0.01
300076,15,15
300077,40.99,40.99
300078,1,1
300079,11,11
300083,0,0.01
300086,1,1
300087,0,0.01
300088,5.9,5.9
300089,0.1,0.1
300090,2864,1
300093,10,10
300094,1,1
300095,465,1
300096,200,200
300097,1,1
300099,0.5,0
300100,0,0.01
300101,400,400
300102,40,40
300103,307,1
300104,525,1
300105,51,0
300106,1000,1
300107,1,1
300108,2455,1
300109,1,1
300110,55,55
300111,1,1
300112,1880,1
300113,1,0
300114,4820,1
300115,15,1
300116,214,1
300117,1894,1
300118,7681,1
300119,2256,1
300120,4372,1
300121,0,0.01
300122,2363,1
300123,220,1
300124,4079,1
300125,85,1
300126,277,1
300128,1,1
300129,5,5
300130,4,4
300131,6,6
300132,6,6
300133,30,30
300134,3.9,3.9
300136,0.5,0.5
300137,6.1,6.1
300139,7444,1
300140,2806,1
300141,162,1
300142,5193,1
300143,0.2,0.1
300144,0.3,0.1
300146,231,1
300147,5440,1
300148,5083,1
300149,1,0
300150,1556,1
300152,0.1,0.1
300153,0.1,0.1
300154,1.5,1
300155,0,0
300156,0.25,0.25
300157,4509,25
300158,1.76,1.76
300159,0,0
300160,2,2
300162,0.1,0.1
300163,0.1,0.1
300164,4.6,4.6
300165,0.75,0.75
300166,0.33,0.1
300167,366,1
300168,3,3
300169,5,5
300170,1,1
300172,1.69,1
300173,0,0
300175,0,0.01
300176,0.1,0.1
300177,4.7,4.7
300179,6,6
300180,2.1,0
300181,0.1,0.1
300182,0.8,0
300184,0.8,0
300185,41,0
300186,56,0
300188,0.4,0.5
300190,0,0.01
300191,2.1,0.1
300192,1,1
300193,2,2
300195,0.25,0
300196,0.1,0.1
300197,1,1
300199,19,1
300200,1.6,2
300205,653,25
300206,0.1,0.1
300209,13.5,13.5
300212,0.5,0.5
300219,0,0.01
300222,0,0.01
300223,0,0.01
300226,0,0.01
300227,6789,1
300228,2,2
300229,1,1
300234,0,0
300236,10,1
300237,1,1
300238,0.1,0.1
300242,0.1,0.1
300244,8,1
300245,3,3
300246,0,0
300247,0,0
300248,1,1
300249,0.5,0.1
300250,1,0.1
300254,1,1
300256,15,15
300257,0.1,0.1
300258,0.25,0.25
300259,0.5,0.5
300260,0.25,0.25
300261,0.25,0.25
300262,0.5,0.5
300263,0.25,0.25
300264,0,0
300265,0.25,0.25
300266,6,6
300267,0.25,0.25
300268,0,0.01
300269,0.25,0.25
300270,104.1,104.1
300271,0.25,0.25
300272,0.25,0.25
300273,0.25,0.25
300274,0.25,0.25
300275,0.25,0.25
300276,0.25,0.25
300277,0.59,0.59
300278,40,10
300282,0.25,0.25
300283,1897,1
300284,10400,1
300285,1,1
300287,1,1
300288,1,1
300289,1,1
300291,176,176
300292,0.01,0.01
300294,0,0
300296,1,1
300297,1,1
300298,12,12
300301,0,0
300302,1,1
300303,47.5,47.5
300304,0,0.01
300306,0,0.01
300307,0,0
300308,2,2
300309,0,0.01
300310,0.87,1
300312,0.25,0.1
300313,1,1
300317,0,0.01
300318,0,0.01
300319,690,0
300320,1,1
300322,0,0.01
300323,0,0.01
300324,0,0.01
300325,0,0.01
300326,0,0.01
300327,0.1,0.1
300328,116,116
300330,68,68
300331,1,1
300332,368,368
300333,110,110
300335,1558,1
300336,0.2,0.2
300337,0.01,0.01
300338,2366,1
300339,200,1
300340,1,1
300341,750,1
300342,1,1
300343,739,1
300344,0.25,0.25
300345,1296,1
300348,562,1
300349,630,1
300350,376,1
300351,3068,1
300352,1680,1
300353,1010,1
300354,944,1
300355,226,1
300356,1110,1
300357,0.1,0.1
300358,0.25,0
300359,232,1
300360,144,1
300361,1706,67.5
300363,45,2
300364,1,1
300365,0.1,0.1
300366,0.1,0
300367,0,0.01
300369,8021,1
300370,203,1
300372,6.4,6.4
300373,3.1,3.1
300374,0.63,0.63
300375,0,0.01
300376,0.1,0
300377,135000,0
300378,0.1,0.1
300379,23,0
300380,0.1,0.1
300381,1.9,0.1
300382,86,86
300383,0,0.01
300386,1,1
300387,1.6,1.6
300390,115,0
300393,0.01,0.01
300396,112,0
300398,25,0
300399,2,0
300402,0,0.01
300410,0.01,0.01
300414,0.02,0.01
300418,0,0.01
300421,1,1
300422,5280,0
300424,77,77
300426,0.1,0.1
300429,0,0.01
300430,0,0.01
300431,70,70
300432,58,58
300433,14,14
300434,53,53
300435,22,22
300436,64,64
300437,31,31
300438,0,0.01
300439,25,25
300440,2,2
300441,15,0
300442,0.1,0.1
300444,0.2,0.2
300445,27.3,27.3
300446,16,16
300447,3,3
300449,90,6
300450,0.01,0.01
300452,20,20
300453,0.5,0.25
300454,70,70
300455,0.1,0.1
300456,0.5,0.5
300457,0.25,0.25
300458,0.1,0.1
300460,8,8
300461,70,70
300464,2,2
300465,1.4,4
300467,11.09,5
300468,77,77
300469,0,0.01
300470,0.1,0.1
300471,0.01,0.01
300472,10,10
300474,37,37
300475,7,7
300476,1,0.5
300477,0,0.01
300478,3,3
300479,30,30
300480,0.01,0.01
300481,0,0.01
300482,0.9,1
300484,0.25,0.25
300485,0.5,0.5
300488,0.5,0.5
300492,0,0.01
300494,0,0.01
300496,8.6,8.6
300498,1,1
300499,4,1
300500,0,0.01
300501,0.7,0.01
300502,1,1
300504,0.01,0.01
300506,0.1,0.1
300507,36,36
300508,0,0
300509,1,1
300510,1,1
300511,1,1
300512,47,46.5
300514,0.1,0.1
300515,4,1
300517,0.01,0.01
300518,1,1
300519,3,3
300520,0,0.01
300521,12,1
300523,0,0.01
300524,2.1,2.1
300525,5,5
300526,0.1,0.1
300527,3,3
300528,40,40
300529,0,0
300530,1,1
300531,0.1,0.01
300533,1,2
300534,0.25,0.25
300535,0.25,0.25
300536,0.75,0.75
300537,1,1
300538,18,18
300539,111,0
300540,8.5,5
300541,0.01,0.01
300542,4,4
300543,1,1.5
300544,0.25,0.25
300545,1,1
300546,8,8
300547,2,2
300548,200.8,15
300550,54,5
300551,3,3
300552,1,1
300554,3,3
300555,1,1
300556,1,1
300557,1,1
300558,0,0.01
300559,0,0.01
300561,7,0.1
300562,1,1
300563,16,16
300564,0,0.01
300565,3,3
300566,0,0.01
300568,3211,0
300570,25,25
300571,0.01,0
300572,0,0.01
300576,0,0.01
300578,0,0.01
300579,0,0.01
300580,0.01,0.01
300581,0,0.01
300583,0,0.01
300584,0,0.01
300586,0,0.01
300587,0.01,0.01
300590,0,0.01
300591,0,0.01
300592,4774,1
300593,1,1.5
300594,762,1
300595,1.5,1.5
300596,0.25,0.25
300597,79,79
300600,2730,1
300601,1518,1
300602,100,0
300603,0,0.01
300605,0,0.01
300606,50,50
300607,2,2
300608,251,251
300609,40,40
300610,100,100
300611,0.1,0.1
300612,26,26
300613,0.1,0.1
300614,48,48
300615,0,0.01
300616,4,4
300617,0,0
300619,10,10
300620,2,2
300621,30,30
300622,332,1
300623,125,1
300624,0,0.1
300626,1840,1
300627,332,1
300628,17,17
300631,0.1,0.1
300633,0.1,0
300634,0.1,0.1
300635,2500,1
300636,151,1
300637,1117,1
300639,0.1,0.1
300640,0.1,0.1
300641,0,0
300642,1,0
300644,0.5,0.5
300646,2,0
300647,15,15
300648,1,1
300649,1,1
300651,80,80
300653,0.1,0.1
300654,0.1,0.1
300655,645,0
300656,0.01,0.01
300657,2,2
300658,5,5
300660,0.1,0.1
300661,0.01,0.01
300662,124,124
300663,4,4
300666,0.1,0.1
300667,20,20
300668,0.25,0
300669,2,2
300670,247,247
300671,10,10
300672,0,0.01
300673,17,17
300676,3,3
300678,20,20
300679,0,0.01
300680,384.68,384.68
300681,0.1,0.1
300682,0.1,0.1
300683,0.1,0.1
300684,0.7,0.75
300685,100,100
300686,0,0.01
300687,0.2,0.1
300688,1,1
300689,18,18
300691,5,5
300693,0.01,0.01
300695,0,0.01
300696,0.26,0.01
300698,0,0.01
300699,5,5
300701,0,0.01
300702,0,0.01
300703,10.6,10.6
300704,0,0.01
300706,0.01,0.01
300707,0,0.01
300709,0,0.01
300710,0,0.01
300712,0,0.01
300713,1,1
300714,350,1
300715,1,1
300716,1,1
300717,130,1
300718,827,1
300719,902,1
300720,745,1
300721,1522,1
300722,1697,1
300723,1656,1
300725,1000,1
300726,397,1
300727,177,1
300728,0,0
300729,19,19
300730,0,0.01
300731,416,1
300732,1,1
300733,0,0.01
300734,80,80
300735,1,1
300736,519,1
300737,0,0
300738,0,0.01
300739,0.1,0.1
300740,210,1
300741,0.45,0.45
300742,357,1
300743,2682,1
300744,2000,1
300746,0.1,0
300747,100,100
300748,1,1
300749,211,1
300750,0.1,0.1
300751,1176,1
300753,3,3
300754,0.1,0.1
300755,55,55
300756,110,0
300757,0.1,0.1
300758,129.6,0.1
300759,0,0
300760,70,70
300761,0.01,0
300762,7,7
300763,5.5,5.5
300765,3.8,3.8
300766,10,10
300767,77,77
300768,69.3,69.3
300769,133,133
300770,0.6,0.5
300771,0.1,0.1
300773,0.1,0.1
300774,1,1
300775,0.1,0.1
300776,50,1
300777,17,1
300778,10,10
300779,0.5,0.5
300780,0.1,0.1
300781,0,0.01
300782,94,91
300786,0,0.01
300787,0.1,0.1
300788,0,0.01
300789,0,0
300790,1,1
300792,0,0.01
300793,0.2,0.2
300794,292,1
300795,0.6,0.4
300796,1,1
300797,0.25,0.25
300798,0,0.01
300799,3,3
300800,2.5,2.5
300801,6,6
300802,0.23,0.01
300803,20,5
300806,2,2
300807,1.8,1.8
300808,1,1
300809,0,0.01
300811,0,0.01
300812,97,1
300814,1,1
300815,0,0.01
300816,1,1
300817,0,0.01
300819,0,0.01
300820,1.92,2
300822,0,0.01
300823,0,0.01
300824,0.01,0.01
300830,0,0.01
300832,0.01,0.01
300833,0,0.01
300834,0.01,0.01
300835,0,0.01
300836,3142,1
300837,640,1
300838,4615,1
300839,4265,1
300840,20,35
300841,5257,1
300842,1441,1
300843,2173,1
300844,832,1
300845,1896,1
300846,1893,1
300847,1995,1
300848,1,1
300849,1021,1
300850,995,1
300851,7.5,1
300852,29,1
300853,509,1
300854,378,1
300855,1,1
300856,578,1
300857,1,1
300858,1,0
300859,300,1
300860,153,1
300861,7818,1
300862,0.1,0.1
300863,0.1,0.1
300864,0.1,0.1
300865,0.1,0.1
300866,6,6
300868,1.5,1.5
300870,0.98,0.98
300871,3,3
300872,5.7,5.7
300873,5,5
300875,3.16,3.16
300876,89,10
300877,0.1,0.1
300878,6.9,6.9
300880,0.1,0.1
300881,180,1
300883,0,0.01
300884,25,25
300885,12,12
300886,5,5
300887,3,3
300888,1,1
300889,224,1
300890,0.3,0.3
300891,0.25,0.25
300892,0.01,0.01
300894,0.1,0.1
300896,9,1
300898,0.1,0.1
300899,1069,1
300900,857,1
300902,0.1,0.1
300904,0,0.01
300907,1.2,1
300908,0.98,0.98
300910,186,1
300911,2.1,1
300912,18,18
300913,349,349
300914,0.1,0.1
300915,156,0.1
300916,10,10
300917,50,50
300918,2,2
300919,0.5,0.5
300920,4,4
300921,0.1,0.1
300922,0,0
300923,0.1,0.1
300924,12,12
300925,17.7,17.7
300927,0.1,0.1
300928,0.1,0.1
300929,0.5,0.5
300930,2.25,2.25
300931,97,1
300932,5,1
300933,0.1,0.1
300934,24,1
300935,40,40
300936,3,1
300937,0.5,1
300938,58,58
300939,48.3,48.3
300940,800,800
300941,0,0.01
300942,303,303
300943,150,150
300944,30,30
300945,1.2,1.2
300946,125,125
300947,10,10
300948,13,13
300949,90,90
300950,0.1,0.1
300952,1,1
300953,3,3
300954,0.1,0.1
300955,4,4
300957,4,4
300958,2162,2162
300959,1772,1772
300960,5.4,5.4
300961,103,103
300962,5,5
300963,455,1
300964,53,53
300965,0.5,0.5
300968,8330,1
300969,3,3
300970,1,1
300971,0.75,0.75
300972,3,3
300973,0.4,0.4
300974,6.8,6.8
300976,0.1,0.1
300977,39.2,1
300978,0.2,0.21
300979,0,0.01
300980,10,10
300981,15,15
300985,170,170
300986,4,4
300987,3.1,3.1
300988,0.1,0.1
300989,0.1,0.1
300991,0.1,0.33
300992,0,0.01
300993,1347,1
300994,9.3,9.3
300995,8,1
300996,74,1
300997,1,1
300998,1,1
300999,27.62,10
301001,0,0.01
301002,3,3
301003,90,90
301004,1.4,0
301007,410,1
301008,582,1
301009,362,1
301010,604,1
301011,543,1
301012,1347,1
301013,1190,1
301014,500,1
301015,3383,1
301016,4,4
301017,8409,1
301018,0,0.01
301019,1,1
301020,106,1
301021,1,1
301022,1,1
301023,270,1
301024,1,1
301025,1,1
301026,1,1
301027,1064,1
301028,161,1
301029,1,1
301030,395,1
301031,1,1
301032,623,1
301033,7,1
301034,1,1
301035,277,1
301036,317,1
301037,1,1
301038,1,1
301039,1,1
301040,1,1
301041,1,1
301042,1,1
301043,1,1
301044,1,1
301045,1,1
301046,123,1
301048,1,1
301049,1,1
301050,2197,1
301051,1,1
301052,277,1
301053,1,1
301054,1,1
301055,134,1
301056,247,1
301057,584,1
301058,1,1
301059,609,1
301060,1,1
301061,950,1
301062,1,1
301063,270,1
301064,1,1
301065,1,1
301066,1,1
301067,703,1
301068,680,1
301069,1,1
301070,531,1
301072,1,1
301073,28,28
301074,1408,800
301075,1,1
301076,4,4
301079,230,1
301081,2,2
301083,1,1
301084,1,1
301085,1,1
301086,13,13
301088,0.1,0.1
301089,0,0
301090,0.1,0.1
301093,200,1
301094,1,1
301095,0,1
301096,1,1
301097,1,1
301098,0.1,0.1
301099,0.3,0.5
301100,1,0
301101,29.2,29.2
301102,3.14,3.14
301103,3.5,3.5
301105,21,21
301106,200,200
301108,2.1,2.1
301109,35.4,5
301110,15,15
301111,4.6,1
301112,0.1,0.1
301113,1559,6
301114,1,1
301115,1,1
301116,0.5,0.5
301117,0.5,0.5
301118,11,11
301119,0.1,0.1
301120,9,1
301121,0.5,0.5
301122,0.16,0.16
301123,3.71,3.71
301124,15,15
301125,0.2,0.2
301126,4.7,4.7
301127,0.1,0
301128,0.5,0.5
301129,4,4
301130,1,1
301131,0.1,0
301132,0.1,0.1
301133,1.4,1
301134,100,100
301135,1256,1256
301136,300,300
301137,229,229
301138,100,100
301139,1,1
301140,5,5
301141,5,5
301142,32.7,0.1
301143,3,3
301145,3.5,3.5
301146,10,10
301147,7.4,0.1
301149,0,0.03
301150,1,1
301151,1,1
301153,0.25,0.25
301154,0.1,0.1
301155,0.1,0.25
301156,0.98,0.98
301157,0.5,0.5
301159,65,65
301160,5,5
301161,0.05,0.05
301162,183,183
301165,43,43
301166,3,3
301167,1,1
301168,3,3
301169,1000,0
301170,1,1
301172,1.85,1.85
301173,0.1,0.1
301174,3.98,3.98
301175,4.5,4.5
301176,20,20
301177,10,10
301178,10,10
301179,8,8
301180,244,244
301181,10,10
301182,10,10
301183,1,1
301184,0,0
301185,8,3
301187,2,2
301188,1,1
301189,2.5,0.1
301190,1,1
301192,8,8
301193,0.5,0.5
301194,0.5,0.5
301195,12,12
301196,13,13
301197,2,2
301198,0.1,0.1
301199,0.5,0.5
301200,50,50
301202,100,0.1
301203,4,4
301205,25,25
301206,0.1,0.1
301207,1,1
301208,1.8,0.5
301209,0.23,0.5
301210,5,5
301211,3,3
301213,2,2
301214,11.7,5
301216,80,80
301217,100,100
301218,2,2
301221,200,0
301226,101,0
301228,1,1
301229,100,0
301232,30,30
301233,18.7,18.7
301234,20,20
301236,55,55
301237,0.01,0.01
301240,0.1,0.1
301242,200,0
301243,507,1
301244,1,1
301245,1,1
301246,1,1
301249,1,1
301250,1,1
301251,4,1
301253,0.5,0.1
301254,0.1,0.1
301255,0.1,0.1
301256,0,0.01
301258,0.1,0.1
301259,1,0.1
301260,0,0.01
301261,9,9
301262,2.81,2.81
301263,1,1
301264,0,0
301267,3,3
301268,26,26
301269,130,0
301270,65,1
301272,573,1
301273,8.5,1
301274,0.5,0.5
301275,13,10
301276,851,1
301278,427,1
301279,18.2,18.2
301280,509,1
301283,9,9
301284,0,0.01
301285,35,35
301286,5,5
301287,0,0.01
301288,0.5,1
301290,0,0.01
301291,0.78,0.78
301292,0.1,0.1
301294,26,26
301295,200,200
301296,100,100
301297,239,239
301298,44,44
301299,0.72,0.1
301300,0.1,0
301301,9.2,0.1
301302,0.1,0
301303,0.3,0
301304,0.6,0.6
301305,50,50
301306,0,0
301307,4371,0.1
301308,1033,1033
301310,0.1,0.1
301312,0.5,0.1
301313,0.5,0.1
301315,52,52
301316,4.4,5
301317,250,0.1
301319,0,0.01
301320,10,10
301321,0,0.01
301323,12,12
301324,100,100
301327,5.5,1
301328,3392,0
301329,0,0.01
301332,43,43
301333,0,0.01
301334,2500,0
301336,0,0.01
301337,50,50
301339,4416,0
301340,708,0
301341,0,0.01
301342,0,0.01
301343,0,0.01
301344,4,4
301345,31,0.1
301358,1,1
301359,1.1,1.1
301360,7,7
301361,31.5,31.5
301362,31.5,31.5
301363,0,0.01
301364,1.5,1.5
301365,124,116.3
301366,5,5
301368,0.1,0.1
301369,44,40
301375,6,6
301376,0.25,0.25
301378,3,3
301379,0.9,0.9
301380,0,0.01
301381,210,0
301385,0.1,0.1
301386,0.1,0.1
301387,0.1,0.1
301388,0.1,0.1
301389,0.1,0.1
301390,0.1,0.1
301391,0.1,0.1
301392,0.1,0.1
301393,0.1,0.1
301394,0.1,0.1
301395,0.1,0.1
301396,0.1,0.1
301397,52,52
301398,0.1,0.1
301399,1,1
301400,0.1,0.1
301401,0.1,0.1
301402,0.1,0.1
301403,0.1,0.1
301404,0.1,0.1
301405,0.1,0.1
301406,135,0
301407,0.1,0.1
301408,0.1,0.1
301409,0.1,0.1
301413,0,0.01
301414,0.1,0.1
301416,4,4
301417,0,0.01
301419,1,1
301420,3,3
301421,33,1
301422,17,17
301423,0.1,0.1
301424,3,3
301425,0,0.01
301426,20,20
301427,3,3
301428,45,45
301429,1,1
301430,1,1
301431,20,20
301435,4,4
301436,0.1,0.1
301438,0.5,0.5
301439,0,0.01
301440,1,1
301441,84,84
301442,13,1
301443,1,1
301444,2,2
301445,40,40
301446,0.1,0.1
301447,0.1,0.1
301448,0.1,0.1
301449,5,0.1
301450,6,6
301451,5,5
301452,25.5,25.5
301453,1.29,1.29
301454,0,0.01
301455,150,150
301456,1,0.1
301457,1,1
301458,7,7
301459,3.6,0.1
301460,0.25,0.25
301461,15,15
301462,0.1,0.1
301463,38,38
301464,11,11
301465,7.2,7.2
301466,0.1,0.1
301467,0.2,0.2
301468,31.4,31.4
301469,48.4,48.4
301470,1.48,1.48
301471,1.5,1.5
301472,7,7
301473,0,0.01
301474,2,9.64
301476,4,4
301477,10,10
301478,0.1,0.1
301479,2,2
301480,1,1
301481,10,10
301482,37,37
301483,5,5
301484,0.2,0.2
301485,3,3
301487,0.27,0.25
301488,0.25,0.25
301489,2,2
301490,6,6
301491,1,1
301492,20,20
301493,1,1
301494,33,10
301498,0.75,0.75
301499,8,9
301500,4.82,4.82
301501,4,4
301502,20,20
301503,3.5,3.5
301505,38,38
301506,5,5
301507,1,1
301508,8,8
301509,11,11
301510,98,98
301511,7.5,2
301512,1.6,1.6
301513,28,28
301514,5,5
301515,8,8
301516,60,60
301517,4,4
301518,0,0.01
301519,2.5,2.5
301520,2,2
301521,10,10
301522,0,0.01
301523,0.1,0.1
301524,105,105
301525,5,1
301527,17,5
301528,4.5,4.5
301529,33,33
301530,3,3
301531,8.5,8.5
301532,4,4
301533,24,24
301534,2,2
301535,1.5,0.1
301536,3.5,2
301537,0.01,0.01
301538,10.71,10.71
301539,2,2
301540,4.5,4.5
301542,14,14
301543,0,0.01
301544,30.5,30.5
301545,0.5,0.5
301546,0,0.01
301547,0.01,0.01
301549,1472,0
301551,0.46,0.46
301552,24,24
301554,0,0.01
301559,0,0.01
301561,13.2,13.2
301562,3056,1
301563,2279,1
301565,2853,1
301567,1845,1
301568,175,1
301569,1,1
301570,26,26
301571,179.5,179.5
301572,2,2
301573,1,1
301574,1.52,1.52
301575,45,45
301576,8115,8000
301577,1,1
301578,978,978
301579,317,1
301580,82,0.1
301581,2861,1
301582,0.1,0.1
301584,0,0.01
301588,0.1,0
301589,15,15
301590,3.5,3.5
301591,120,1
301592,120,1
301593,500,1
301594,2300,2300
301595,75,1
301596,0.1,0
301597,390,1
301598,0,0.01
301599,3,2
301600,13,13
301601,0,0.01
301602,7,7
301603,188.3,188.3
301604,51.9,51.9
301605,25,25
301606,0.01,0.01
301607,4,4
301609,34,1
301610,175,0.1
301611,1446,1
301612,0.8,0.8
301613,17,9
301614,17,17
301615,0.1,0.1
301616,9377,500
301617,3.5,1
301618,0,0.01
301619,8,8
301620,4.6,1
301621,0,0.01
301622,34,0
301623,15,15
301625,81,81
301626,2,2
301627,100,100
301629,24,24
301630,62,0.1
301631,3,3
301632,0.1,0.1
301633,27,35
301634,5,2
301636,0,0
301637,3,3
301638,187,0.1
301639,1.75,5
301640,17,10
301641,0.1,0.1
301642,2,2
301643,3,0
301644,0.25,0.1
301646,0.1,0.1
301647,15,15
301649,0.09,0.01
301651,25,25
301652,0.25,0.25
301653,0,0
301654,0,0.01
301655,0.25,0.25
301656,0.25,0.25
301657,0.1,0.1
301658,1.5,1.5
301659,1.2,1.2
301660,0.17,0.17
301662,0.5,0.5
301663,1,1
301664,125,0
301666,428,0
301667,106,50
301668,0,0.01
301675,0,0.01
301680,6,2
301681,6,6
301683,1,1
301685,150,0
301687,1.1,1.1
301688,239,1
301689,1,1
301690,413,1
301691,2724,1
301692,7.1,2
301693,2724,1
301694,1,1
301695,409,0
301701,1,0.1
301703,532.3,0
301704,10,0
301705,10,0
301706,9,9
301707,4,0
301709,0.1,0.1
301710,112,1
301711,0.1,0.1
301713,47,0
301714,15,0
301715,52,0
301716,34,0
301717,0.5,0.5
301719,10,10
301721,13,1
301723,0.25,0.01
301724,0.1,0.1
301725,0.8,0.5
301726,18,18
301728,2026,35
301729,10,10
301730,1,1
301731,0.74,0.1
301732,0.5,0.5
301733,1,1
301734,0.01,0.01
301735,0.1,0.1
301736,1.5,1.5
301737,1,0
301738,0.1,0.1
301739,113,0
301740,1,1
301741,0.25,0.25
301743,382,0
301744,0.1,0.1
301745,84.5,50
301746,0,0.01
301747,113,0
301748,0.01,0.01
301749,0.5,0.5
301750,0,0.01
301751,0.1,0.1
301752,0.25,0.25
301753,0.1,0.1
301754,0.1,0.5
301755,2.1,2.1
301756,25,25
301757,0.25,0.25
301759,2,2
301760,2,2
301761,8.5,8.5
301762,5,5
301763,0,0.01
301765,0,0
301766,0.5,0.1
301767,0.2,0.2
301768,0.5,0.5
301769,1,1
301771,1320,5
301772,1,1
301773,2.7,1
301774,146,1
301775,0,0.01
301778,0.1,0.3
301780,38.8,38.8
301781,18485,17000
301782,790,900
301783,46,46
301784,990,990
301785,12498,10800
301786,1357,13.5
301787,115,115
301788,1,1
301789,4310,500
301790,2005,1500
301791,60,60
301792,21.86,21.86
301793,0,0.01
301794,2.73,0.01
301795,0.5,0.5
301796,0,0.01
301799,0.3,0.3
301801,4,4
301803,17,17
301805,0,0.01
301806,0.01,0.01
301807,1,1
301808,0.2,0.2
301810,0,0.01
301812,0,0.01
301816,0,0.01
301818,0,0.01
301819,0.4,0
301824,0,0.01
301825,22,0.1
301826,0,0.01
301827,0,0.01
301828,1,1
301829,36.5,36.5
301831,0.01,0.01
301834,0.25,0.25
301835,1,1
301836,0.25,0.25
301837,0.25,0.25
301838,0.25,0.25
301839,3,3
301840,0.25,0.25
301841,0.25,0.25
301842,3,3
301843,0.25,0.25
301844,0.25,0.25
301845,0.25,0.25
301846,115,1
301847,273,1
301848,0.5,0.5
301850,0.1,0.1
301851,1,0
301852,704,0
301853,0.1,0.1
301854,0.1,0.1
301855,0.5,0.5
301856,0.1,0.1
301857,0.1,0.1
301858,0.1,0.1
301859,34,1
301860,0.1,0.1
301861,1.3,0
301862,5,5
301863,10,10
301864,0.16,0.16
301865,0.2,0.2
301866,10,10
301867,0.1,0.1
301869,0.1,0.1
301870,23,23
301872,8,8
301876,0.5,0.5
301877,0.25,0.25
301878,1.89,1.89
301880,9.75,5
301882,3,0
301883,1.5,1.5
301884,4,4
301885,1,1
301886,0,0
301887,1,1
301888,60,60
301889,2.1,2.1
301890,0,0
301891,0.1,0
301893,0.1,0
301895,49,49
301897,130,130
301898,394,1
301899,0.9,0.9
301901,0.5,1
301902,9749,5
301903,3.43,3.43
301904,2,2
301906,947,947
301907,0,0.01
301908,0,0.01
301909,1,1
301910,130,130
301911,192,192
301912,64.4,64.4
301913,0,0
301914,0.2,0.01
301915,0,0
301916,3,3
301917,2.5,2.5
301918,0.1,0.1
301919,1,0.1
301922,0,0.01
301923,6,6
301925,0.36,0.25
301926,1,1
301927,0.25,0.25
301928,4,4
301929,0.4,0.4
301931,8118,8118
301932,382.3,200
301933,0,0.01
301934,2.5,2.5
301935,226,0.1
301936,5,5
301937,9,9
301939,0.01,0.01
301940,5,5
301941,0.1,0.1
301942,1,1
301944,1,1
301949,0.01,0.01
301951,1584,0
301952,0,0.01
301953,0,0.01
301955,699,0
301958,0,0.01
301962,1946,1946
301967,0,0.01
301970,766,1
301971,1481,1
301972,280,1
301973,0,0.01
301974,0,0.01
301976,61,1
301978,1,1
301979,1,1
301980,1,1
301981,1,1
301982,3.6,0
301983,0.5,0.5
301987,0.1,0.1
301988,0.1,0
301989,1,1
301992,4.1,4.1
301993,0.1,0.1
301994,1.5,1.5
301995,0.1,0.1
301996,0.01,0.01
301997,2.5,0.1
301998,0.5,1
301999,56,56
302004,0.2,0.2
302005,198,400
302006,0.1,0.1
302007,0.25,1
302008,2.9,0
302009,0.25,0.25
302010,0,1
302012,0.1,0.1
302013,0,0.01
302014,0.25,0.25
302015,0.25,0.25
302016,0.25,0.25
302017,0.1,0.1
302018,1,1
302019,1,1
302020,0.2,0.1
302022,5,5
302023,0,0.01
302024,0.02,0.02
302025,1.66,1.66
302026,1,1
302027,2.01,2.01
302028,0,0
302029,110,110
302030,9,9
302031,0,0
302032,0.3,0.3
302036,1,1
302037,0.01,0.01
302038,0.25,0.01
302039,406,406
302040,280,280
302041,60,60
302042,4,4
302043,11.73,11.73
302044,215.6,215.6
302045,0,0
302046,0.25,0.25
302047,19,19
302048,0.1,0.1
302050,0.8,0.1
302052,0,0.01
302053,18.68,18.68
302054,7,7
302055,0.16,0.16
302056,2,2
302057,1.69,1.69
302058,32,32
302059,10,10
302060,50,3
302061,1.5,1.5
302062,25,25
302063,0,0.01
302064,0.9,0.9
302065,0.1,0.1
302066,0.1,0.1
302067,1,1
302068,2,2
302069,32,32
302070,0.1,0.1
302072,2,2
302073,127,15
302074,0.5,0.5
302076,17,17
302077,138.5,138.5
302078,0.1,0.1
302079,44,44
302080,0.1,0.1
302081,5,5
302082,0.1,0.1
302083,0.2,0.2
302084,64,20
302085,0.1,0.1
302086,0.25,0.25
302087,7.2,4
302089,0,0.01
302090,133,0
302091,5,5
302092,0.01,0.01
302093,27,27
302095,0,0
302096,0.01,0.01
302097,0.5,0.5
302099,6,6
302100,0.1,0.1
302102,0,0.01
302103,0.1,0.1
302104,0.01,0.01
302107,2.96,2.96
302109,0,0.01
302110,0,0.01
302111,0,0.01
302113,0,0.01
302117,20,20
302120,2,2
302122,0.01,0.01
302130,0,0.01
302132,1,1
302135,978,1
302136,3.43,0.1
302137,1290,1
302138,1335,1
302139,311,1
302140,1,1
302141,1330,1
302142,0.1,0
302143,0,0.01
302145,20,1
302149,1,1
302150,80,1
302152,1,1
302153,0.5,0.5
302154,10,1
302155,5,1
302156,300,300
302158,0.625,0.63
302159,1,1
302161,5.57,5.57
302164,0,0.01
302165,0.25,0.25
302166,0.1,0.1
302167,0.1,0.1
302170,20,0.1
302173,0,0
302174,0.1,0.1
302175,0,0.01
302176,8,0.1
302178,0,0
302179,0,0.01
302180,2.2,2
302183,1800,1
302184,0.1,0.1
302185,5,5
302186,1500,0
302187,508,1
302188,0.01,0.01
302190,0,0.01
302191,0.1,0
302192,0.25,0.25
302193,37,0.01
302194,0.25,0.25
302196,4.1,0.1
302197,0.1,0.1
302198,0,0
302199,1,1
302201,0,0.01
302203,0.4,0.4
302205,0.47,0.1
302206,0,0.01
302207,9.1,10
302208,8,8
302209,1,1
302210,2.5,2.5
302211,0.1,0.1
302213,3.8,3
302214,24,10
302215,5,5
302216,0,0.01
302217,1.5,0.5
302218,2,1
302219,0,0.01
302221,0,0.01
302223,0.1,0.1
302224,0,0
302225,0.01,0.01
302226,0,0.01
302227,0.01,0.01
302228,0,0.01
302231,0,0.01
302233,0.01,0.01
302234,0,0.01
302235,0,0.01
302236,0,0.01
302237,0,0.01
302238,1,0.1
302241,0,0.01
302243,0,0.01
302245,0.01,0.01
302247,0.06,0.01
302249,40,1
302250,630,1
302251,1,1
302252,0.25,0.25
302253,2.2,2.2
302254,9,9
302256,1,1
302257,14.4,14.4
302258,8,8
302259,1.6,1.6
302260,0.01,0.01
302261,0.1,0.1
302262,7.2,7.2
302264,0,0.01
302265,0.5,0.5
302267,1,1
302268,248,248
302269,0.1,0.1
302270,0,0.01
302271,0,0.01
302272,0,0
302273,80,1
302275,0.1,0.1
302276,0.42,0.42
302279,0,0.01
302280,0.1,0.1
302281,0.25,0.25
302283,0.25,0.25
302284,0.25,0.25
302285,0.25,0.25
302286,0.1,0
302287,0.5,0.5
302288,0.1,0
302289,0,0.01
302290,0.75,0.75
302291,0.25,0.25
302293,0.43,0
302294,0,0.01
302296,0.25,0.25
302297,0.25,0.25
302299,321.4,321.4
302300,0.1,0.1
302301,2,0
302302,2,2
302303,0.2,0.2
302305,12,1
302306,1360,1
302307,87,1
302308,6000,1
302309,2,2
302311,2.75,0.1
302312,2.7,0
302314,0.1,0.1
302315,0.1,0.1
302316,0.5,1
302318,6.2,3
302319,4.3,1
302320,0.1,0.1
302322,5,5
302323,6,1
302324,11,11
302325,0,0.01
302326,16,16
302329,1,0
302330,5,1
302331,0.1,0
302333,3.1,3
302334,0.4,0.4
302335,0,0.01
302337,0,0.01
302339,0.01,0.01
302340,6500,1000
302341,0,0.01
302343,2,2
302347,0,0.01
302348,0.01,0.01
302349,4,1
302350,250,0
302351,11.7,0.1
302353,0,0.01
302354,0,0.01
302355,0,0.01
302360,0,0.01
302365,0,0.01
302366,0,0.01
302368,0,0.01
302370,213,1
302372,49,1
302373,0,0.01
302375,105,0
302376,600,600
302377,1,1
302380,1.5,0.1
302381,1,0
302382,25.6,0.1
302384,0.75,0.1
302385,9175,0.1
302386,1,0
302387,0.25,0.25
302388,0.1,0.1
302389,2,2
302390,0.25,0.25
302392,0.25,0
302393,10,10
302395,0.1,0.1
302396,0.55,0.1
302397,0.5,0.5
302398,0.1,0.1
302399,0.1,0.1
302400,0.1,0.1
302401,353,353
302402,2.3,0.1
302403,0.1,0.1
302404,0.1,0.1
302405,19,1
302406,0.1,0
302407,0,0.01
302408,0.1,0.1
302409,0,0.01
302410,8.1,0.01
302411,1.9,1.9
302412,12,0.1
302413,1,1
302414,0.25,0
302415,170,170
302416,4,0
302417,2,0
302418,7.7,1
302419,2.7,1
302420,12,1
302421,38,1
302422,0.1,0.1
302424,25.7,10
302425,1,0.1
302426,0.1,0.1
302427,0.25,0
302428,5,0.1
302429,0.2,0.2
302431,0.1,0.1
302432,40,14
302435,20,8
302437,4.1,5
302439,0,0.01
302441,0,0.01
302443,69,69
302444,5,0
302445,25,0
302446,170,0
302447,125,0.1
302448,0,0.01
302449,560,0
302451,0.01,0.01
302452,0.01,0.01
302457,1200,0
302458,0,0.01
302459,0.01,0.01
302460,0,0.01
302463,0.1,0.1
302464,0.1,0
302465,0,0
302466,0,0.01
302467,0.25,0.25
302468,0.25,0.25
302469,0.4,0.4
302470,0.25,0.25
302472,0,0.01
302473,0.25,0.25
302474,0.1,0
302476,0.2,0
302477,0.6,0
302478,0.14,0
302479,4,4
302480,0.1,0
302481,0.1,0
302482,0.5,0
302483,0.25,0.25
302484,0.25,0.25
302485,0,0.01
302486,0.1,0.1
302487,0.25,0.25
302488,0.1,0.1
302489,0.1,0
302491,209,0.1
302492,1,1
302493,113,1
302494,0,0.01
302495,0,0.01
302497,0,0
302498,0.85,0.85
302499,0.3,0.25
302500,155.5,0.1
302501,38,38
302502,1,1
302503,0.25,0
302504,0.1,0
302505,0.1,0
302506,4,4
302507,0,1
302509,2.5,0.1
302511,0.5,0
302512,0.06,0.06
302513,0.1,0.1
302514,0.4,0.4
302515,0.11,0.11
302516,1.8,1.8
302518,0.25,0.01
302519,0,0.01
302520,1.5,0
302521,1,1
302523,1,1
302525,0,0.01
302526,3,3
302527,0.23,0.01
302529,0.1,0.1
302530,0.5,0.5
302532,0.02,0.01
302533,1.3,1
302535,0.5,0.5
302536,198,0.1
302537,2,2
302538,12,12
302539,2,2
302540,204.5,1
302541,1,1
302542,0,0.01
302543,0.2,0
302544,2.9,0
302546,2,2
302547,3,3
302548,0.01,0.01
302549,0.1,0.1
302550,0.1,0.1
302551,0.01,0.01
302553,3,3
302554,0.5,0.5
302555,0.1,0.1
302556,1,1
302557,0.1,0
302558,0.1,0.1
302560,0,0.01
302562,0.3,0.3
302565,0,0.01
302571,0,0.01
302572,0,0.01
302573,0,0.01
302575,0.01,0.01
302583,0,0.01
302586,0,0.01
302589,1055,1
302590,0.01,0.01
302591,1029,1
302592,24,1
302593,99,1
302594,5,0.1
302595,30,1
302596,1,1
302597,1504,1
302598,0.1,0.1
302599,0.1,0.1
302600,0,0.01
302602,0.1,0.01
302604,0.5,0
302605,0.2,0.2
302606,21.8,35
302607,1,1
302608,0.01,0.01
302609,7,7
302610,1,1
302611,0.1,0.01
302612,27.2,0.1
302613,0.25,0.1
302614,0,0
302615,1888,1
302616,345,345
302617,328,0.1
302618,17.9,17.9
302619,0,0
302620,0.25,0.25
302621,0,0
302622,0.3,0
302623,5,0
302624,0,1
302626,1,1
302627,1,1
302630,0.01,0.01
302631,1,1
302632,0.1,0.1
302633,0.1,0.1
302634,0.2,0.3
302636,0.1,0
302637,0,1
302638,0.75,0
302639,0.5,0
302640,0,0.01
302641,1,1
302642,0.1,0.1
302644,0.25,0.25
302645,0.5,0.5
302646,0.23,0.01
302648,0.25,0.25
302649,0.25,0.25
302650,0.25,0.25
302651,0.25,0.25
302652,0.25,0.25
302653,0.25,0.25
302654,0.25,0.25
302655,0.25,0.25
302656,0.25,0.25
302657,0.25,0.25
302658,0.25,0.25
302659,0.25,0.25
302660,0.25,0.25
302661,0.25,0.25
302663,0.1,0
302668,0.1,0
302669,20,0
302670,0.5,0.5
302671,0.1,0.1
302672,1,0
302673,0.1,0
302674,0.25,0.25
302675,0.1,0.1
302676,0.2,0.2
302677,0.1,0.1
302678,14.9,14.9
302679,0.1,0.1
302680,0.4,0
302681,5.58,8
302682,0.01,0.01
302683,2374,1
302684,0.1,0.1
302685,5,5
302686,383,1
302687,2,1
302688,0.1,0.1
302689,0.3,0.1
302690,1,1
302691,0.22,0.22
302693,0.1,0.1
302694,0.1,0.1
302695,7,7
302696,0.25,0.25
302697,0.25,0.25
302698,0.1,0.1
302699,0.25,0
302700,0.5,0.5
302701,0.1,0
302702,0.25,0.25
302703,0.25,0.25
302704,0.08,0.01
302705,39.5,10
302706,22,50
302707,0.25,0.25
302708,0.2,0
302709,0,0.01
302710,0.25,0.25
302713,10,10
302714,2,0.1
302715,0.25,0.25
302716,4,1
302717,5,1
302718,0.25,1
302719,15,1
302720,5,1
302721,5,0.1
302722,0.25,1
302723,1.5,0.1
302724,623.6,0
302725,2,0
302726,0.14,0.14
302729,0.5,0
302730,0,0.01
302731,0.1,0.01
302733,5,2
302734,20,20
302735,159,159
302736,27,27
302738,0.3,0
302740,0.1,0.1
302741,0.1,0.1
302742,5,5
302743,0.1,0.1
302744,4,1
302745,0.1,0.1
302746,0,0
302747,0.5,0.5
302749,0.1,0.01
302750,0.5,0.1
302751,2.5,3
302752,5,0.1
302753,1,1
302754,16,16
302756,3,3
302758,5,0.1
302759,2,2
302760,0.01,0.01
302761,0,0.01
302762,0.9,0
302763,0.3,0
302764,4,4
302765,8,8
302766,0.1,0.1
302767,30,30
302768,8,8
302769,20,20
302770,2,2
302771,0.5,0
302772,20,20
302773,35,35
302774,118,100
302775,0,0.01
302777,6,6
302779,0.1,0
302780,0.5,0.5
302782,0.5,0
302783,0.1,0
302784,28,28
302785,0.01,0.01
302786,0.1,0.1
302787,2.2,0
302788,0.2,0
302789,0.01,0.01
302791,0,0
302793,5,5
302794,0,0.01
302796,8,8
302798,0.01,0.01
302799,2,0
302801,0,0.01
302802,2,2
302803,0,0.01
302804,0,0.01
302806,0.01,0.01
302807,24,12
302808,45,45
302809,0,0.01
302810,0,0.01
302811,0,0.01
302812,0,0.01
302813,4.48,0.01
302814,0,0.01
302815,0,0.01
302816,0.01,0.01
302817,0,0.01
302819,0,0.01
302821,0,0.01
302822,2.27,2.27
302823,1,1
302824,1,1
302825,0,0.01
302826,2989,1
302827,0.1,0
302828,0.1,0
302829,3,0
302830,1280,1
302831,1995,1
302832,0.1,0.1
302833,1747,1
302834,1352,1
302835,12,1
302836,43,1
302837,28.6,1
302838,1,1
302839,99,1
302840,2985,1
302841,1,1
302843,2808,1
302844,1,1
302845,24,1
302846,1063,1
302847,631,1
302848,609,1
302849,3,3
302850,0.5,0.5
302851,62,62
302852,1,1
302853,0.5,0.5
302854,2.1,2.1
302855,1406,1
302856,40,40
302857,0.5,0.5
302858,4.8,4.8
302860,146,146
302861,2250,1
302862,2150,1
302863,0.1,0.1
302864,1252,1
302865,1465,1
302866,512,1
302867,2.5,2.5
302868,102,1
302869,1,1
302870,1,1
302871,1,1
302872,0.1,0.1
302873,0.5,0.5
302874,4.3,4.3
302876,266,266
302877,60,60
302878,0,0
302879,8.2,8.2
302880,0.25,0.25
302881,26,26
302883,8,8
302884,0.5,0
302885,0,0.01
302886,611,0.1
302887,0.25,0.25
302888,0,1
302891,5.4,2
302892,0.5,0
302893,1,0
302894,1.5,1.5
302896,0.38,0.01
302897,1949,1
302898,0.1,0
302900,0.1,0.1
302901,0.25,0
302902,0.25,0
302903,0,0.01
302904,0.16,0
302905,0.25,0
302906,0,0.01
302907,84,0
302908,79.8,79.8
302910,2,2
302912,0.25,0.25
302913,0,0.1
302915,0.1,0.1
302916,0,0.01
302917,200,200
302922,0.16,0
302923,0.5,0.5
302924,4,4
302925,1,1
302926,0.1,0
302927,0,0
302928,0.18,1
302929,0.01,0.01
302930,0.1,0
302931,0.1,0.1
302932,1.16,1.16
302933,0.6,0.6
302934,0.5,0.5
302935,0.1,0.1
302936,0.3,0.3
302937,4,4
302938,0,0.01
302939,0,0.01
302940,1,0
302941,2,2
302943,7040,400
302944,3,3
302945,97.3,5
302946,3,0
302947,0.3,0.1
302948,0.1,0.1
302949,1,1
302950,2,2
302951,0.5,0.5
302952,15,15
302953,0.15,0
302954,12,12
302955,7,7
302956,1,1
302957,0.5,0.5
302958,0.2,0
302959,21.5,2
302960,0.6,0.6
302962,0.1,0.1
302963,0.2,0.1
302964,1,1
302965,9.4,0.1
302966,0.01,0.01
302967,1,1
302968,0.5,0.5
302969,9,9
302970,3,3
302971,0.1,0
302972,1,0.01
302973,0.25,0.01
302974,243,234
302976,20,20
302980,0.01,0
302981,20,0.1
302983,0.1,0.1
302984,1,2
302986,50,50
302987,1,1
302988,1,1
302989,10,10
302990,14,14
302992,5,5
302993,0.1,0.5
302994,697,0.1
302995,250,10
302996,0.01,0.01
302997,70,70
302998,2.5,2.5
302999,0.1,0.1
303000,0.1,0.1
303001,16,16
303002,1.49,0.1
303003,0,0.01
303004,0.25,0.25
303005,1,1
303006,0,0
303007,0.1,0.01
303009,25,2.5
303010,0,0
303012,0.01,0.01
303013,0.5,7
303014,0.1,0.1
303015,0,0.01
303016,0.75,0.5
303017,0.22,0.22
303019,0.01,0.01
303021,208,0
303022,10,0
303023,13,13
303024,2,2
303027,1,1
303028,0.1,0.1
303029,0.5,0
303030,0.3,0
303031,1.8,0
303033,1.5,1.5
303037,0.01,0.01
303038,0.75,0.75
303041,0,0.01
303043,0,0.01
303044,0.1,0.1
303045,0,0.01
303047,0.25,0.25
303048,67,1
303049,0.1,0
303050,0,0.01
303051,6200,1
303052,38,1
303053,276,1
303054,1466,1
303055,0.2,0.2
303056,0.1,0.1
303057,4278,1
303058,0.75,0.75
303059,0,0.01
303060,50,1
303061,41,41
303062,1,1
303064,1,1
303065,1,1
303066,0.75,0.1
303067,3.3,3.3
303069,179,1
303070,1,1
303071,2.92,2
303072,181,1
303073,0.1,0.1
303074,40,0
303075,0.1,0.1
303076,6,3.4
303077,50,0
303078,1,1
303079,2,2
303080,20,1
303084,2.6,2.6
303085,70,70
303087,0.25,0
303089,2600,2600
303090,0,0.01
303091,0,0.01
303092,0.5,0
303093,1,1
303094,150,150
303096,0.2,0.2
303097,0.1,0.1
303098,0.25,0.1
303099,0.1,0.1
303100,0.1,0.1
303101,0.1,0.1
303103,0.25,0.25
303104,0.3,0
303105,1,0
303106,0.25,0.25
303107,0.25,0.25
303108,1,1
303109,0.38,0
303110,35,35
303111,2.5,2.5
303112,0.39,0
303113,0,0.01
303114,0.25,0.25
303115,14,14
303116,681,0.25
303117,0.1,0.1
303118,1,1
303119,5.8,0
303120,4.5,4.5
303121,3859,1
303122,0.25,0.25
303123,1,0
303124,3400,3400
303125,0.5,0.5
303126,0.1,0
303127,0.25,0.25
303128,0.5,0.5
303129,0.25,0.25
303130,0.2,0
303131,0.1,0
303132,0.25,0.25
303133,0.25,0.25
303134,0.25,0.25
303135,0.25,0.25
303136,0.25,0.25
303137,0.25,0.25
303138,0.1,0.03
303139,0.5,0.5
303140,0.1,0
303141,0.25,0.25
303142,360,0.1
303143,1,1
303144,2,2
303145,1,1
303146,0,0.01
303149,0.6,0.6
303150,1,0
303151,0.1,0
303152,0.1,0.1
303153,0.15,0.15
303154,0.1,0.1
303155,0.2,0.2
303156,1,0
303157,3,1
303158,3,3
303159,0.1,0.1
303160,0.1,0.1
303161,5,5
303162,0.5,0.5
303163,0.5,0.5
303164,9.5,9.5
303165,0.25,0.25
303166,0.25,0.25
303167,0.2,0.2
303168,0.3,0.3
303169,8,0.1
303170,0.25,0.25
303171,0.1,0.1
303172,2.1,2.1
303173,2,2
303174,1,1
303175,0.1,1
303176,0.2,0
303177,0,0.1
303178,1.1,1.1
303180,2.5,2.5
303181,1,1
303182,0.1,0.1
303183,0.3,0
303184,5,5
303185,0.1,0.1
303186,2000,2000
303187,10.3,0.1
303189,0.1,0
303190,1,0.2
303191,2,2
303192,0.25,0.25
303193,8,8
303194,0.1,0.1
303195,1,1
303196,0.25,0.25
303197,41,2
303198,0.25,0.25
303199,1,1
303200,1000,1000
303201,4,4
303202,34,34
303203,0.1,0.1
303204,40,40
303205,0.37,0.37
303206,0.1,0.1
303207,2.5,0.1
303208,1,1
303209,0.1,0.1
303210,1.31,3
303211,2,2
303213,0.5,0
303214,0.1,0
303215,24,24
303216,0.5,0.5
303217,14,14
303218,0.1,0.1
303219,0.25,0.25
303220,0.2,0
303221,1,1
303222,0.1,0.1
303223,0.15,0.15
303224,0.2,0
303225,0.15,0.15
303227,0.12,0.12
303228,46.6,75
303229,3.9,3.9
303230,1,1
303231,0.1,0.1
303232,7,7
303233,0.2,0
303234,0,1
303235,9,9
303236,0.1,0.1
303237,0.1,0.1
303238,0,0.1
303239,0.5,0.5
303241,0.01,0.01
303242,2,2
303244,3,3
303245,1,1
303246,1,1
303247,0.1,0.1
303248,0.5,0.5
303249,0.1,0.1
303250,0.25,1
303251,0.1,0.1
303252,0.25,0.25
303253,0.25,0.25
303254,17,17
303255,0.1,0.1
303256,0,0.01
303257,3.8,3.8
303258,0.1,0.1
303259,0.25,0.25
303260,0.25,0.25
303261,0.1,0.1
303262,1,1
303263,0.6,0.6
303264,0.1,0.1
303265,0.6,0.6
303266,1,1
303267,0.06,0.01
303268,2,2
303269,0.1,0.1
303270,4.72,4.72
303271,165,1
303272,0.1,0.1
303273,3,3
303274,0.25,0.25
303275,0.5,0.5
303276,0.6,0.6
303277,6,6
303278,1,1
303279,3,3
303280,0,0.3
303281,0.5,0.5
303282,0.1,0.1
303283,387,1
303284,3.9,3.9
303285,0.1,0.1
303286,1,1
303287,75,75
303288,0,0.1
303289,3,3
303290,41,41
303292,16,16
303293,17.6,10
303294,10,1
303295,0.5,0.5
303296,0.5,0.5
303297,2,0.01
303298,7,7
303299,0,0
303300,3,3
303301,0.53,0.1
303302,1,1
303305,0.1,0.1
303306,1.1,0
303307,0,0
303308,0.01,0.01
303310,0.01,0.01
303311,0.2,0
303312,1,1
303314,0.01,0.01
303315,0,0.01
303316,3,3
303317,60,60
303318,0.1,0
303319,0.1,0
303320,0.1,0.1
303321,0.04,0.04
303323,44,44
303324,303,0
303325,0.01,0.01
303326,175,0
303327,57,57
303328,18,18
303331,0,0.01
303332,37,37
303336,2.56,5
303338,60,60
303342,0.01,0.01
303344,0,0.01
303349,41,41
303350,0.01,0.01
303351,1,1
303352,1,1
303353,2.9,2.9
303354,0,0.01
303355,98,1
303356,50,50
303357,3008,1
303358,1,1
303359,72,1
303360,1,1
303361,962,1
303362,24,24
303363,11,1
303364,1,1
303365,0.1,0.1
303366,220,220
303367,20,1
303368,0.1,0.1
303369,0.1,0.1
303370,0.7,0
303371,0.1,0
303372,0,0
303373,0.5,0.5
303374,32,1
303375,2,2
303376,243,0
303377,30,30
303378,13.3,13.3
303379,121,1
303380,1,1
303382,0.2,0
303383,1,0
303384,1,0
303385,1.2,1.2
303386,2,0
303387,1.5,1.5
303388,31,31
303389,48,48
303390,1500,1
303391,0.08,0
303392,0.1,0.1
303393,4,4
303394,0.1,0
303395,0.15,0
303396,0.5,0.5
303397,45.9,45.9
303398,0.25,0.25
303400,1,0
303401,2.5,2.5
303402,1220,1220
303403,0.3,0
303404,0,0
303405,75,75
303406,0.1,0.1
303407,15,0
303408,1,0
303409,1.5,0
303411,0.1,0.1
303412,205,0
303413,3.6,1
303414,1,0
303415,0.1,0
303416,13,1
303417,20,20
303419,33.4,33.4
303420,0.2,0.25
303422,2.64,2.64
303423,0.5,0.5
303424,50,50
303425,0.1,0.01
303426,0.25,0.25
303427,0.1,0.1
303428,25,2
303429,0.25,0.25
303430,0.1,0
303431,0.2,0
303432,0.1,0
303433,30,30
303434,1.75,1.75
303435,0.25,0.25
303436,0.25,0
303437,0.4,0.4
303438,0,0
303439,0.1,0.1
303440,1,1
303441,0,0
303442,0,0
303443,1,1
303444,1,1
303445,1,1
303446,0.1,0.1
303448,0.1,0.1
303449,0.1,0
303451,83,83
303452,250,1
303453,100,100
303454,200,200
303455,143,143
303456,125,125
303457,22,22
303458,20,20
303459,186,186
303460,195,195
303461,3,0.1
303462,8.5,1
303463,150,150
303464,248,248
303465,0.1,0.1
303466,0.1,0.1
303467,2,2
303468,0.34,0.34
303469,0.02,0.02
303470,0.02,0.02
303472,8.5,8.5
303474,3,3
303475,0.5,0
303476,5.3,1
303477,100,20
303478,12,8
303479,1,1
303480,0,0
303481,1,1
303482,0.1,0.1
303483,0.8,0.5
303484,0.3,0.3
303485,7,7
303486,1,1
303487,4,4
303488,4,4
303489,0.01,0.01
303490,4.4,3
303491,19.47,10
303492,0.5,0.5
303493,1,1
303494,0.1,0.1
303495,1748.99,300
303496,8.4,8.4
303497,1,0
303498,5,5
303500,270,270
303503,0.1,0.1
303504,0.1,0.1
303505,1,1
303506,0.1,0.1
303507,0.3,0.3
303508,0.5,0.5
303509,0.1,0.1
303510,1,1
303511,0.5,0.5
303512,0.5,0.5
303513,0.01,0.01
303514,0.3,0.3
303515,17,17
303516,1,1
303517,80,80
303518,25,25
