objectid,contained_date
292630,2023-01-01 06:20:56
292692,2023-01-01 14:45:59
292762,2023-01-01 21:01:59
292774,2023-01-01 23:22:00
292807,2023-01-01 23:55:00
292815,2023-01-02 05:25:00
292836,2023-01-02 18:09:00
292867,2023-01-03 00:11:32
292868,2023-01-03 00:46:59
292870,2023-01-03 00:09:00
292873,2023-01-03 01:57:59
292887,2023-01-03 10:04:00
292897,2023-01-01 22:30:00
292901,2023-01-01 21:46:59
292904,2023-01-01 21:30:00
292913,2023-01-01 23:00:00
292914,2023-01-01 18:59:59
292950,2023-01-01 21:00:00
293063,2023-01-03 21:49:59
293084,2023-01-05 02:00:00
293109,2023-01-04 01:17:00
293123,2023-01-03 21:59:59
293124,2023-01-03 21:30:00
293125,2023-01-03 22:30:00
293127,2023-01-03 22:30:00
293130,2023-01-03 21:59:59
293235,2023-01-05 17:00:00
293256,2023-01-05 06:07:00
293293,2023-01-05 20:29:59
293321,2023-02-16 18:14:59
293333,2023-01-04 23:00:00
293339,2023-01-11 18:00:00
293348,2023-01-11 18:00:00
293349,2023-01-11 18:00:00
293351,2023-01-05 00:00:00
293354,2023-01-05 00:30:00
293385,2023-01-05 21:17:00
293394,2023-01-05 21:00:00
293408,2023-01-06 03:14:00
293418,2023-01-06 20:32:59
293419,2023-01-05 22:40:00
293420,2023-01-05 23:00:00
293436,2023-01-06 16:50:00
293445,2023-01-01 23:00:00
293446,2023-01-01 21:59:59
293454,2023-01-06 20:40:00
293463,2023-01-05 21:30:00
293465,2023-01-07 00:00:00
293466,2023-01-06 21:46:00
293467,2023-01-04 21:59:59
293468,2023-01-06 21:00:00
293469,2023-01-06 22:10:00
293470,2023-01-06 23:06:59
293471,2023-01-13 19:30:00
293473,2023-01-06 21:00:00
293474,2023-01-06 20:45:00
293475,2023-01-06 20:29:59
293483,2023-01-06 23:40:00
293485,2023-01-06 21:00:00
293487,2023-01-06 21:59:59
293488,2023-01-07 12:30:00
293490,2023-01-06 23:29:59
293491,2023-01-06 23:19:59
293499,2023-01-07 17:00:00
293514,2023-01-07 17:29:59
293516,2023-01-07 19:28:00
293522,2023-01-07 19:34:59
293528,2023-01-07 18:59:59
293533,2023-01-08 15:16:00
293536,2023-01-08 00:43:00
293543,2023-01-07 23:22:00
293550,2023-01-08 02:32:00
293551,2023-01-08 02:32:00
293563,2023-01-08 12:45:00
293566,2023-01-07 21:30:00
293567,2023-01-07 18:00:00
293568,2023-01-07 23:45:00
293570,2023-01-07 22:10:00
293589,2023-01-08 19:34:59
293593,2023-01-08 19:02:59
293597,2023-01-08 19:15:00
293598,2023-01-08 21:36:59
293600,2023-01-08 21:14:00
293603,2023-01-11 18:00:00
293604,2023-01-08 20:36:18
293605,2023-01-08 18:00:00
293607,2023-01-08 21:59:59
293614,2023-01-08 23:56:00
293617,2023-01-16 16:55:00
293619,2023-01-09 01:59:00
293643,2023-01-08 21:30:00
293645,2023-01-08 22:10:00
293649,2023-01-09 15:04:00
293651,2023-01-08 20:00:00
293652,2023-01-08 21:10:00
293653,2023-01-08 18:33:00
293654,2023-01-08 21:59:59
293660,2023-01-08 21:00:00
293670,2023-01-09 00:30:00
293671,2023-01-08 20:00:00
293673,2023-01-08 23:00:00
293683,2023-01-09 00:30:00
293691,2023-01-09 00:00:00
293692,2023-01-07 00:00:00
293693,2023-01-09 00:00:00
293694,2023-01-09 00:30:00
293707,2023-01-08 21:00:00
293712,2023-01-09 20:00:00
293725,2023-01-09 18:51:00
293726,2023-01-06 18:59:59
293744,2023-01-06 03:23:00
293748,2023-01-16 17:44:00
293756,2023-01-09 20:00:00
293762,2023-01-08 20:50:00
293764,2023-01-09 21:14:59
293770,2023-01-10 19:18:00
293781,2023-01-09 19:30:00
293782,2023-01-09 22:08:00
293789,2023-01-10 02:48:59
293826,2023-01-10 06:17:30
293828,2023-01-10 08:13:44
293830,2023-01-10 07:57:18
293833,2023-01-09 21:30:00
293839,2023-01-09 21:00:00
293840,2023-01-09 20:00:00
293842,2023-01-09 21:14:59
293844,2023-01-09 20:00:00
293849,2023-01-09 22:25:00
293850,2023-01-08 21:59:59
293853,2023-01-10 00:59:59
293855,2023-01-10 14:00:00
293857,2023-01-10 03:30:00
293859,2023-01-09 22:30:00
293860,2023-01-10 00:30:00
293861,2023-01-10 00:00:00
293888,2023-01-10 21:36:13
293892,2023-01-10 19:15:00
293894,2023-01-10 19:15:00
293898,2023-01-10 19:26:11
293902,2023-01-10 19:10:00
293940,2023-03-24 21:59:59
293959,2023-01-11 00:29:12
293962,2023-01-11 21:04:16
293963,2023-01-11 01:05:59
293966,2023-01-11 01:30:00
293967,2023-01-11 01:56:27
293979,2023-01-10 23:00:00
293992,2023-01-11 18:00:00
293994,2023-01-12 15:04:59
293996,2023-01-11 21:49:59
293997,2023-01-11 19:28:00
293999,2023-01-11 20:29:59
294002,2023-01-12 00:00:06
294007,2023-01-11 21:30:00
294012,2023-01-12 03:27:31
294014,2023-01-11 22:24:54
294017,2023-01-11 23:40:00
294018,2023-01-11 23:45:00
294025,2023-01-12 07:20:29
294032,2023-01-11 21:30:00
294033,2023-01-11 23:29:59
294034,2023-01-12 03:59:59
294035,2023-01-11 23:15:00
294036,2023-01-09 23:29:59
294037,2023-01-11 20:35:00
294038,2023-01-10 00:00:00
294040,2023-01-11 23:00:00
294048,2023-02-06 21:08:00
294054,2023-01-12 18:00:00
294058,2023-01-12 01:15:00
294061,2023-01-11 20:00:00
294067,2023-01-13 22:23:03
294069,2023-01-12 21:30:00
294087,2023-01-13 08:06:32
294090,2023-01-13 08:25:38
294102,2023-01-12 23:29:59
294103,2023-01-12 21:59:59
294108,2023-01-14 16:40:00
294111,2023-01-13 19:33:00
294113,2023-01-13 20:44:23
294114,2023-01-13 20:25:46
294117,2023-01-13 19:15:00
294118,2023-01-12 00:04:59
294121,2023-01-13 21:26:00
294122,2023-01-13 21:59:59
294125,2023-01-13 22:19:04
294126,2023-01-13 23:29:10
294127,2023-01-13 21:59:59
294128,2023-01-13 22:47:23
294129,2023-01-13 22:24:00
294130,2023-01-13 21:55:00
294134,2023-01-13 22:21:59
294135,2023-01-13 22:21:59
294150,2023-01-14 01:23:00
294166,2023-01-14 15:55:00
294169,2023-01-14 21:36:59
294170,2023-01-14 20:08:00
294172,2023-01-14 17:10:00
294173,2023-01-14 18:29:00
294174,2023-01-14 17:42:00
294184,2023-01-14 23:40:58
294185,2023-01-14 21:52:45
294188,2023-01-14 23:49:17
294191,2023-01-15 01:19:01
294195,2023-01-15 00:54:12
294207,2023-01-15 12:33:00
294209,2023-01-14 19:47:59
294211,2023-01-16 20:00:00
294212,2023-01-14 19:47:59
294213,2023-01-14 21:30:00
294216,2023-01-14 23:00:00
294220,2023-01-15 17:44:00
294221,2023-01-15 23:08:00
294222,2023-01-15 20:13:59
294225,2023-01-15 21:00:00
294226,2023-01-15 20:00:00
294228,2023-01-15 23:21:00
294232,2023-01-16 15:49:59
294234,2023-01-16 03:33:00
294249,2023-01-15 23:40:00
294252,2023-01-23 18:00:00
294254,2023-01-15 21:59:59
294255,2023-01-16 04:30:00
294257,2023-01-15 19:50:00
294258,2023-01-15 21:14:59
294261,2023-01-16 18:55:00
294266,2023-01-15 20:00:00
294268,2023-01-15 20:00:00
294271,2023-01-16 21:36:59
294280,2023-01-19 23:00:00
294291,2023-01-17 07:41:00
294293,2023-01-17 13:15:17
294294,2023-01-16 21:59:59
294296,2023-01-16 21:00:00
294297,2023-01-16 21:10:00
294300,2023-01-16 21:45:00
294302,2023-01-16 20:00:00
294303,2023-01-16 23:00:00
294306,2023-01-12 21:30:00
294308,2023-01-11 21:30:00
294310,2023-01-14 18:30:00
294311,2023-01-15 21:30:00
294314,2023-01-16 01:46:00
294317,2023-01-16 22:25:00
294318,2023-01-16 18:00:00
294319,2023-01-16 17:15:00
294323,2023-01-17 00:25:00
294329,2023-01-17 21:25:47
294337,2023-01-17 22:34:00
294339,2023-01-15 02:06:00
294340,2023-01-16 21:00:00
294342,2023-01-14 23:00:00
294348,2023-01-17 22:50:59
294354,2023-01-19 14:43:02
294355,2023-01-17 23:27:00
294361,2023-01-18 01:28:59
294367,2023-01-18 02:42:59
294374,2023-01-21 15:40:00
294377,2023-01-18 22:02:00
294378,2023-01-15 17:16:59
294379,2023-03-24 21:59:59
294382,2023-03-24 21:59:59
294385,2023-01-18 22:34:59
294386,2023-01-18 02:00:00
294407,2023-01-18 16:02:59
294439,2023-01-18 17:40:00
294443,2023-01-18 15:30:00
294444,2023-01-18 15:30:00
294449,2023-01-18 19:10:00
294450,2023-01-19 00:26:00
294453,2023-01-18 21:41:00
294457,2023-01-18 23:18:00
294458,2023-01-17 16:20:00
294464,2023-01-18 20:45:00
294469,2023-01-18 22:53:00
294472,2023-01-19 00:06:00
294474,2023-01-18 23:23:00
294479,2023-01-19 02:26:00
294502,2023-01-18 02:29:59
294508,2023-01-17 23:29:59
294512,2023-01-18 23:40:00
294530,2023-01-20 09:33:21
294534,2023-01-19 21:12:00
294539,2023-01-19 21:01:59
294544,2023-01-19 19:02:00
294546,2023-01-19 22:38:02
294547,2023-01-21 15:35:00
294550,2023-01-19 23:21:00
294553,2023-01-19 22:10:00
294558,2023-01-20 08:35:08
294562,2023-01-20 11:11:32
294563,2023-01-20 23:18:00
294564,2023-03-03 13:44:59
294565,2023-03-03 13:44:59
294566,2023-01-19 21:00:00
294570,2023-01-17 21:59:59
294572,2023-01-20 21:33:59
294573,2023-01-17 21:59:59
294576,2023-01-19 23:29:59
294579,2023-01-21 17:00:00
294586,2023-01-20 18:53:00
294587,2023-01-20 17:29:59
294589,2023-01-20 16:23:00
294592,2023-01-20 19:40:00
294594,2023-01-20 21:30:00
294595,2023-01-20 21:30:00
294598,2023-01-20 20:29:59
294599,2023-01-21 18:20:00
294607,2023-01-21 03:00:00
294608,2023-01-21 02:12:00
294655,2023-03-24 21:59:59
294657,2023-01-20 20:00:00
294668,2023-01-21 18:59:59
294690,2023-01-21 23:23:00
294692,2023-01-20 23:08:00
294714,2023-01-22 07:36:00
294732,2023-01-29 18:00:00
294738,2023-01-06 06:10:00
294757,2023-01-23 03:17:00
294767,2023-01-26 15:59:59
294772,2023-01-23 14:40:00
294781,2023-03-24 21:59:59
294790,2023-01-23 16:55:00
294793,2023-01-23 18:57:00
294802,2023-01-23 19:37:00
294813,2023-01-23 21:46:00
294814,2023-01-23 20:58:59
294816,2023-01-23 23:38:37
294817,2023-01-23 21:00:00
294826,2023-01-24 00:26:00
294831,2023-01-23 21:58:00
294844,2023-02-09 20:29:59
294845,2023-01-24 22:31:00
294848,2023-01-25 23:51:00
294856,2023-01-24 18:25:00
294860,2023-01-24 00:00:00
294861,2023-01-17 19:05:59
294867,2023-01-23 21:35:00
294879,2023-01-25 03:49:59
294880,2023-01-25 01:40:00
294881,2023-01-25 03:55:00
294889,2023-01-25 12:29:20
294890,2023-01-29 22:30:00
294891,2023-01-23 22:31:59
294892,2023-01-23 23:48:00
294899,2023-01-20 19:20:00
294901,2023-01-25 16:44:59
294907,2023-01-25 20:40:00
294916,2023-01-24 21:20:00
294917,2023-01-24 21:00:00
294936,2023-01-26 05:46:36
294941,2023-01-26 10:18:59
294942,2023-03-26 15:45:00
294947,2023-01-23 18:00:00
294948,2023-01-30 21:14:00
294950,2023-01-23 18:00:00
294952,2023-01-26 21:43:59
294954,2023-01-10 21:59:59
294955,2023-03-24 21:59:59
294964,2023-01-26 16:52:00
294968,2023-04-07 15:30:00
294971,2023-03-08 12:59:59
294972,2023-01-26 17:15:00
294977,2023-04-03 15:59:59
294988,2023-01-26 19:55:00
294996,2023-01-26 22:50:00
294998,2023-01-27 00:29:00
295000,2023-01-26 23:00:00
295001,2023-01-27 00:32:00
295002,2023-01-27 00:51:44
295016,2023-01-28 17:29:59
295018,2023-01-28 18:27:59
295019,2023-04-04 15:04:59
295020,2023-01-27 20:48:59
295021,2023-01-27 21:27:59
295022,2023-01-27 14:03:00
295023,2023-01-27 14:00:59
295038,2023-01-27 22:37:00
295039,2023-01-27 20:48:00
295043,2023-01-27 21:17:00
295062,2023-01-27 22:11:00
295063,2023-01-30 21:16:00
295065,2023-01-27 20:58:59
295070,2023-01-27 22:21:59
295071,2023-01-27 23:03:00
295073,2023-01-28 01:10:00
295074,2023-03-03 13:44:59
295076,2023-01-27 22:12:59
295080,2023-01-27 23:51:00
295086,2023-01-28 01:15:00
295091,2023-01-28 03:56:00
295093,2023-01-28 05:15:12
295103,2023-01-28 21:46:59
295106,2023-01-28 20:45:00
295108,2023-02-09 20:29:59
295110,2023-01-29 20:44:00
295111,2023-01-28 20:00:59
295113,2023-01-28 21:00:00
295115,2023-01-28 14:50:00
295116,2023-01-27 21:59:59
295120,2023-01-28 14:00:00
295125,2023-01-28 22:14:00
295129,2023-01-28 18:58:00
295136,2023-01-28 21:04:59
295137,2023-01-28 20:29:59
295141,2023-01-28 23:29:59
295142,2023-01-29 16:30:00
295147,2023-01-29 01:30:00
295159,2023-01-29 02:45:59
295171,2023-01-29 12:37:04
295178,2023-01-29 14:51:59
295182,2023-01-29 14:00:00
295185,2023-01-29 18:12:00
295190,2023-01-29 21:58:00
295197,2023-01-30 03:59:59
295199,2023-01-29 23:56:00
295212,2023-01-30 14:11:00
295225,2023-01-29 04:47:00
295247,2023-01-30 20:25:00
295261,2023-01-31 00:59:59
295262,2023-03-24 21:59:59
295264,2023-01-31 00:14:59
295266,2023-02-01 15:00:00
295270,2023-01-31 00:27:54
295277,2023-01-31 00:08:12
295285,2023-01-31 03:20:00
295293,2023-01-31 13:49:00
295321,2023-01-31 21:30:59
295329,2023-01-31 20:58:00
295353,2023-02-01 00:48:00
295382,2023-02-01 21:48:00
295387,2023-01-31 23:12:00
295389,2023-02-01 01:40:00
295390,2023-01-31 22:50:59
295395,2023-02-01 00:45:00
295402,2023-02-01 19:05:00
295416,2023-02-01 01:40:00
295428,2023-01-29 23:53:00
295430,2023-02-01 22:15:00
295434,2023-02-02 00:14:59
295448,2023-02-02 03:00:00
295449,2023-02-02 03:52:24
295453,2023-02-02 06:27:00
295456,2023-02-02 08:40:00
295466,2023-02-02 15:59:59
295474,2023-02-01 18:40:00
295477,2023-02-02 16:31:08
295478,2023-01-25 22:30:00
295487,2023-02-02 21:38:00
295509,2023-02-02 18:25:30
295510,2023-01-27 18:59:59
295517,2023-02-02 20:16:03
295519,2023-02-03 01:36:00
295525,2023-02-02 21:51:00
295529,2023-02-03 23:51:59
295539,2023-02-03 00:32:00
295540,2023-02-02 23:24:00
295542,2023-02-03 18:22:00
295544,2023-02-03 00:03:00
295560,2023-02-03 04:39:45
295565,2023-02-03 09:30:00
295581,2023-02-03 16:15:59
295589,2023-02-03 00:59:59
295591,2023-02-03 00:59:59
295593,2023-02-03 00:59:59
295596,2023-02-03 07:24:00
295602,2023-02-03 20:19:59
295617,2023-02-07 20:56:00
295623,2023-02-03 21:26:00
295639,2023-02-04 00:30:00
295651,2023-02-04 00:06:00
295652,2023-02-04 02:00:00
295674,2023-02-04 09:01:59
295677,2023-02-04 21:57:00
295678,2023-02-04 21:35:00
295679,2023-02-20 18:00:00
295688,2023-02-04 18:13:00
295694,2023-02-04 19:26:00
295702,2023-02-04 23:32:59
295704,2023-02-04 19:30:00
295713,2023-02-05 03:04:05
295721,2023-02-05 04:33:00
295726,2023-02-05 12:03:00
295727,2023-02-05 21:57:00
295728,2023-02-04 23:00:00
295729,2023-02-04 21:30:00
295730,2023-02-05 21:43:00
295731,2023-02-04 23:00:00
295733,2023-02-05 15:59:59
295739,2023-02-03 19:18:59
295740,2023-02-09 18:30:00
295744,2023-02-05 19:53:00
295748,2023-02-20 18:00:00
295750,2023-02-07 21:59:59
295751,2023-02-06 00:56:00
295754,2023-02-09 21:52:00
295756,2023-02-09 21:52:00
295757,2023-02-09 20:45:00
295758,2023-02-06 03:27:00
295764,2023-02-13 21:59:59
295771,2023-02-06 22:31:59
295773,2023-02-06 03:26:00
295780,2023-02-09 14:29:59
295781,2023-02-06 22:08:00
295782,2023-02-07 22:40:00
295785,2023-02-05 21:30:00
295794,2023-02-09 21:00:00
295802,2023-02-05 18:23:00
295804,2023-02-06 15:59:59
295805,2023-02-20 18:00:00
295807,2023-02-05 21:59:59
295810,2023-02-05 17:00:00
295815,2023-03-24 21:59:59
295817,2023-02-07 00:59:59
295819,2023-02-06 19:44:59
295820,2023-02-05 20:03:59
295821,2023-02-07 00:00:00
295822,2023-02-07 22:40:00
295824,2023-02-20 18:00:00
295825,2023-02-02 22:30:00
295826,2023-02-01 21:00:00
295827,2023-02-06 22:28:00
295830,2023-02-06 23:25:00
295847,2023-02-07 05:05:00
295848,2023-02-07 04:21:59
295849,2023-02-07 04:28:00
295857,2023-02-07 20:19:00
295862,2023-02-06 20:35:00
295869,2023-02-09 18:30:00
295871,2023-03-24 21:59:59
295881,2023-02-06 18:01:59
295882,2023-02-07 00:19:00
295892,2023-02-06 22:38:00
295896,2023-02-09 19:30:00
295899,2023-02-09 19:30:00
295903,2023-02-07 22:40:00
295906,2023-02-07 18:30:00
295917,2023-02-08 19:34:59
295920,2023-02-07 22:02:00
295921,2023-02-13 20:15:00
295922,2023-02-08 22:25:00
295923,2023-02-13 19:46:00
295927,2023-02-08 03:00:00
295928,2023-02-08 03:51:00
295945,2023-02-08 09:48:00
295946,2023-02-08 18:04:59
295948,2023-02-08 15:35:00
295950,2023-02-08 20:48:00
295957,2023-02-08 23:22:00
295962,2023-02-07 00:55:00
295964,2023-03-10 22:14:00
295968,2023-02-07 22:17:00
295971,2023-02-08 17:48:59
295986,2023-02-08 20:32:00
295987,2023-02-08 19:23:00
295989,2023-02-08 21:22:00
295994,2023-02-08 01:31:59
295995,2023-02-06 22:43:00
295999,2023-02-08 21:24:00
296000,2023-02-13 23:38:00
296001,2023-02-07 23:00:59
296004,2023-02-08 23:50:00
296007,2023-02-09 00:33:59
296010,2023-02-09 01:33:00
296016,2023-02-09 03:42:00
296028,2023-02-09 06:39:52
296030,2023-02-09 07:52:09
296039,2023-02-08 19:15:00
296040,2023-02-09 15:14:59
296041,2023-02-08 21:01:00
296046,2023-02-09 15:46:13
296049,2023-02-09 04:30:00
296056,2023-02-09 20:56:08
296058,2023-02-09 21:59:59
296061,2023-02-09 18:00:00
296063,2023-02-09 21:11:00
296065,2023-02-09 21:39:11
296066,2023-02-09 23:03:59
296067,2023-02-09 21:40:00
296077,2023-02-10 01:04:00
296078,2023-02-10 00:46:00
296089,2023-02-17 20:13:00
296100,2023-02-10 05:25:00
296103,2023-02-10 06:52:00
296106,2023-02-10 08:21:00
296115,2023-02-10 00:59:59
296117,2023-02-09 09:55:00
296119,2023-02-11 18:49:59
296130,2023-03-24 21:59:59
296133,2023-02-10 18:48:04
296134,2023-03-12 15:30:00
296139,2023-02-10 20:07:21
296140,2023-02-10 20:35:00
296142,2023-02-10 20:50:00
296143,2023-02-11 01:50:00
296154,2023-02-10 22:27:00
296159,2023-02-10 23:15:00
296161,2023-02-10 22:30:00
296165,2023-02-11 00:38:00
296166,2023-02-11 02:38:00
296183,2023-02-11 10:31:59
296185,2023-02-20 18:00:00
296188,2023-01-19 13:44:59
296190,2023-02-11 16:05:00
296208,2023-02-12 00:59:59
296214,2023-02-12 01:11:00
296224,2023-02-12 03:58:33
296228,2023-02-12 05:19:00
296230,2023-02-12 06:49:59
296234,2023-02-12 09:00:00
296238,2023-02-12 14:32:59
296252,2023-02-13 01:28:00
296253,2023-02-12 20:03:59
296259,2023-02-12 02:26:00
296265,2023-02-12 21:30:00
296266,2023-02-13 00:49:59
296267,2023-02-13 00:00:00
296270,2023-02-13 01:41:00
296271,2023-02-13 00:20:59
296272,2023-02-13 01:30:00
296277,2023-02-13 03:12:22
296278,2023-02-13 03:23:49
296286,2023-02-13 09:38:35
296289,2023-02-13 12:00:00
296297,2023-02-13 13:28:59
296301,2023-02-12 21:26:00
296309,2023-02-28 18:00:00
296313,2023-02-11 17:29:59
296317,2023-02-04 19:30:00
296318,2023-02-13 17:35:59
296319,2023-02-11 21:00:00
296321,2023-02-13 18:13:00
296322,2023-02-12 18:59:59
296325,2023-02-13 18:25:14
296330,2023-02-13 19:58:36
296333,2023-02-13 20:13:59
296334,2023-02-13 21:00:00
296342,2023-02-15 15:14:59
296344,2023-02-13 21:59:59
296345,2023-02-13 21:41:00
296347,2023-02-28 18:00:00
296351,2023-02-13 20:42:59
296353,2023-02-13 23:19:00
296354,2023-02-13 22:47:00
296359,2023-02-13 23:22:00
296363,2023-02-14 02:22:00
296365,2023-02-14 00:00:53
296367,2023-02-13 22:47:59
296376,2023-02-14 07:44:00
296381,2023-02-22 12:59:59
296391,2023-02-12 21:30:00
296392,2023-02-12 21:30:00
296393,2023-02-13 23:29:59
296395,2023-02-13 21:30:00
296406,2023-02-11 23:00:00
296412,2023-02-14 19:10:00
296414,2023-02-13 23:45:59
296422,2023-02-13 18:00:00
296423,2023-02-14 16:49:00
296424,2023-02-13 18:59:59
296425,2023-02-13 18:00:00
296426,2023-02-13 18:00:00
296428,2023-02-17 15:00:00
296434,2023-02-15 00:00:00
296437,2023-02-14 22:20:00
296439,2023-02-15 15:09:00
296442,2023-02-15 01:37:00
296443,2023-02-15 01:30:00
296460,2023-02-15 21:00:00
296461,2023-02-15 15:59:59
296466,2023-02-15 01:44:59
296470,2023-04-12 19:30:00
296471,2023-02-14 22:25:00
296477,2023-02-15 15:41:00
296479,2023-02-15 15:59:59
296481,2023-02-06 15:30:00
296483,2023-02-14 21:59:59
296484,2023-02-14 16:30:00
296487,2023-02-15 17:12:00
296490,2023-02-10 22:30:00
296493,2023-02-07 15:59:59
296506,2023-02-15 19:54:00
296511,2023-03-24 21:59:59
296512,2023-02-15 21:36:00
296513,2023-02-11 20:45:00
296514,2023-02-15 21:26:00
296519,2023-02-15 21:08:00
296521,2023-02-15 23:57:00
296529,2023-02-16 01:14:00
296535,2023-02-16 05:23:00
296537,2023-02-16 06:01:00
296545,2023-02-08 00:26:00
296551,2023-02-28 18:00:00
296552,2023-04-12 19:30:00
296553,2023-02-13 21:59:59
296556,2023-02-13 20:32:00
296564,2023-02-15 00:00:00
296567,2023-02-16 16:41:21
296574,2023-03-02 21:30:00
296576,2023-02-16 18:00:00
296583,2023-02-16 20:11:00
296584,2023-02-14 18:00:00
296585,2023-02-16 20:03:00
296586,2023-02-16 21:59:00
296587,2023-02-16 00:00:00
296591,2023-02-16 22:28:07
296596,2023-02-16 23:15:00
296598,2023-02-16 23:48:59
296603,2023-02-19 23:29:36
296611,2023-02-17 01:11:00
296615,2023-02-17 02:32:59
296616,2023-02-17 02:40:00
296626,2023-02-17 09:13:00
296628,2023-02-17 12:04:17
296631,2023-02-18 22:46:00
296632,2023-02-20 23:45:59
296633,2023-02-16 23:00:00
296644,2023-02-17 20:41:03
296645,2023-02-13 19:30:00
296646,2023-02-17 20:39:00
296648,2023-02-17 20:29:59
296649,2023-02-17 20:06:59
296651,2023-02-17 21:49:59
296653,2023-02-17 21:58:00
296654,2023-02-17 20:45:00
296655,2023-12-15 23:51:59
296656,2023-01-14 19:41:00
296657,2023-02-14 21:25:00
296658,2023-02-28 18:00:00
296660,2023-02-16 23:18:00
296661,2023-02-17 22:27:18
296664,2023-02-17 23:11:00
296668,2023-02-17 23:19:00
296669,2023-02-17 23:19:00
296680,2023-02-18 05:56:27
296693,2023-02-18 00:30:00
296697,2023-02-18 14:16:24
296702,2023-02-18 21:48:00
296704,2023-02-18 21:57:00
296709,2023-02-18 01:15:00
296713,2023-02-18 20:21:00
296714,2023-02-18 19:20:00
296719,2023-02-18 21:30:00
296723,2023-02-18 22:44:59
296724,2023-02-18 22:05:59
296725,2023-02-19 00:00:00
296727,2023-02-18 23:25:00
296730,2023-02-18 01:30:00
296731,2023-02-18 22:44:00
296733,2023-02-18 23:34:41
296744,2023-02-19 02:51:25
296758,2023-02-19 05:37:00
296760,2023-02-19 06:33:00
296771,2023-02-19 11:42:00
296773,2023-02-19 12:58:00
296776,2023-12-19 21:25:00
296777,2023-03-01 18:00:00
296781,2023-02-19 22:42:00
296789,2023-02-19 00:30:00
296791,2023-02-18 23:00:00
296794,2023-02-19 18:42:00
296797,2023-02-16 22:30:00
296804,2023-02-19 19:44:59
296805,2023-02-20 00:59:00
296811,2023-02-19 22:50:00
296815,2023-02-19 02:00:00
296816,2023-02-19 00:59:59
296817,2023-02-20 00:01:59
296819,2023-02-20 02:15:41
296820,2023-02-20 00:54:17
296828,2023-02-20 02:54:00
296829,2023-02-20 03:27:59
296836,2023-02-20 05:07:28
296850,2023-02-19 21:30:00
296853,2023-02-20 22:34:59
296856,2023-03-05 21:00:00
296857,2023-02-20 22:52:00
296858,2023-02-20 14:45:00
296859,2023-02-28 11:09:00
296861,2023-02-19 15:30:00
296862,2023-03-02 14:00:00
296864,2023-02-20 16:21:59
296873,2023-02-20 15:30:00
296883,2023-02-20 18:00:00
296887,2023-02-17 22:23:00
296890,2023-02-20 22:04:00
296891,2023-02-20 20:33:03
296892,2023-02-20 20:05:00
296895,2023-02-20 21:00:00
296900,2023-02-20 23:48:59
296902,2023-02-20 22:36:00
296905,2023-02-20 22:50:00
296907,2023-02-21 00:00:00
296909,2023-02-22 00:59:59
296915,2023-02-20 23:00:00
296916,2023-02-20 23:02:00
296917,2023-02-21 00:22:30
296922,2023-02-21 00:16:00
296933,2023-02-21 22:09:00
296934,2023-02-21 03:16:00
296936,2023-02-21 03:48:00
296939,2023-02-21 05:10:59
296940,2023-02-21 04:36:00
296945,2023-02-21 06:41:51
296960,2023-02-20 19:50:00
296962,2023-02-21 00:00:00
296965,2023-02-21 00:00:00
296966,2023-02-20 22:40:00
296972,2023-02-21 23:55:00
296975,2023-02-20 20:00:00
296976,2023-02-18 21:00:00
296977,2023-02-19 03:00:00
296979,2023-02-21 15:26:50
296982,2023-02-17 21:59:59
296992,2023-02-21 18:00:00
296994,2023-02-21 17:05:00
296996,2023-02-18 18:59:59
296997,2023-02-20 19:30:00
296998,2023-02-21 16:53:00
297003,2023-02-21 18:14:59
297006,2023-02-20 20:00:00
297007,2023-02-21 17:19:59
297009,2023-02-21 20:32:00
297010,2023-02-20 00:30:00
297011,2023-02-21 19:37:00
297015,2023-02-21 23:08:55
297019,2023-02-21 22:25:12
297020,2023-02-21 20:45:00
297023,2023-02-22 00:06:51
297025,2023-02-21 15:42:00
297026,2023-02-21 22:23:00
297030,2023-02-21 21:52:00
297031,2023-02-22 00:30:59
297037,2023-02-21 22:21:44
297042,2023-02-21 23:21:00
297043,2023-02-22 00:24:00
297045,2023-02-21 23:45:10
297046,2023-02-21 23:16:00
297048,2023-02-21 23:13:54
297049,2023-02-21 23:29:00
297053,2023-02-21 20:00:00
297054,2023-02-21 23:50:00
297056,2023-02-22 00:00:00
297059,2023-02-22 00:28:05
297061,2023-02-22 01:14:32
297062,2023-02-22 01:30:00
297064,2023-02-22 00:32:00
297066,2023-02-22 00:54:00
297067,2023-02-22 19:57:00
297068,2023-02-22 00:59:59
297071,2023-02-22 01:10:00
297076,2023-02-22 01:21:59
297082,2023-02-22 03:33:46
297084,2023-02-22 04:21:59
297086,2023-02-22 04:25:00
297099,2023-02-22 06:24:00
297102,2023-02-22 07:31:59
297104,2023-02-22 08:29:59
297112,2023-02-27 19:50:00
297114,2023-02-23 00:33:59
297115,2023-03-01 18:00:00
297118,2023-02-19 21:30:00
297120,2023-02-20 02:00:00
297121,2023-02-15 00:00:00
297124,2023-02-14 02:00:00
297132,2023-02-21 21:59:59
297135,2023-02-22 00:00:00
297139,2023-02-22 17:32:00
297140,2023-02-22 17:45:16
297141,2023-02-12 21:30:00
297146,2023-02-14 17:15:00
297150,2023-02-21 00:00:00
297155,2023-02-23 20:55:00
297156,2023-02-23 15:30:00
297158,2023-02-24 04:09:02
297162,2023-02-23 20:51:59
297163,2023-02-22 23:35:59
297165,2023-02-22 20:40:00
297170,2023-02-24 15:59:59
297171,2023-02-22 19:44:59
297174,2023-02-16 22:30:00
297179,2023-02-06 17:00:00
297181,2023-02-23 19:08:00
297191,2023-03-02 14:00:00
297197,2023-02-23 14:00:00
297200,2023-02-24 04:20:00
297204,2023-02-24 22:53:00
297211,2023-02-22 23:00:00
297221,2023-02-24 20:32:00
297234,2023-02-24 18:59:59
297239,2023-02-22 20:47:00
297241,2023-02-06 17:00:00
297247,2023-02-23 21:49:00
297248,2023-02-22 22:12:59
297259,2023-02-04 22:57:59
297262,2023-03-28 14:29:59
297272,2023-02-23 22:17:00
297274,2023-03-02 14:00:00
297278,2023-02-18 23:15:00
297280,2023-03-01 19:30:00
297281,2023-02-23 16:38:00
297282,2023-02-23 20:28:00
297284,2023-02-23 00:59:59
297287,2023-02-21 20:37:00
297296,2023-02-23 23:00:00
297301,2023-02-22 21:30:00
297304,2023-02-25 00:04:59
297305,2023-02-24 04:22:51
297307,2023-03-01 18:00:00
297308,2023-02-22 23:44:00
297310,2023-02-22 23:02:00
297311,2023-02-12 23:11:00
297314,2023-02-24 01:02:59
297316,2023-02-22 03:00:00
297318,2023-02-15 11:00:00
297325,2023-02-23 21:59:59
297327,2023-02-22 23:45:00
297332,2023-02-23 18:06:00
297334,2023-02-23 19:44:59
297340,2023-02-22 23:48:59
297345,2023-03-05 17:19:59
297351,2023-02-24 23:55:00
297357,2023-02-24 17:55:00
297364,2023-02-23 15:10:00
297369,2023-02-22 19:30:00
297373,2023-02-24 23:41:00
297375,2023-02-26 22:37:00
297392,2023-02-25 19:40:00
297396,2023-03-11 12:59:59
297401,2023-03-08 18:00:00
297407,2023-02-25 21:40:00
297409,2023-02-17 22:30:00
297411,2023-02-26 00:56:54
297413,2023-02-25 22:40:00
297420,2023-02-26 00:59:59
297422,2023-02-26 03:13:00
297436,2023-03-24 21:59:59
297437,2023-02-26 22:02:59
297438,2023-02-26 19:50:00
297441,2023-02-26 20:15:00
297443,2023-02-26 18:04:59
297445,2023-02-26 22:19:15
297448,2023-02-26 20:45:00
297450,2023-02-26 22:15:00
297452,2023-02-28 01:13:01
297454,2023-02-26 23:12:00
297455,2023-02-26 19:15:00
297456,2023-02-27 02:54:00
297457,2023-02-26 23:47:00
297459,2023-02-27 00:45:06
297460,2023-02-27 00:00:00
297464,2023-02-27 17:50:48
297465,2023-02-27 01:06:41
297468,2023-02-27 22:24:00
297472,2023-03-05 18:12:52
297477,2023-02-27 04:50:00
297491,2023-02-27 14:00:59
297495,2023-03-30 15:59:59
297501,2023-02-26 09:30:00
297502,2023-02-24 18:14:59
297503,2023-02-27 17:29:59
297504,2023-03-08 18:00:00
297514,2023-02-27 19:20:00
297515,2023-02-27 21:57:00
297525,2023-02-27 19:18:59
297529,2023-02-27 18:59:59
297530,2023-02-27 21:49:59
297531,2023-02-27 21:54:00
297534,2023-02-27 21:32:00
297539,2023-02-27 22:09:00
297542,2023-02-27 23:54:00
297544,2023-02-27 22:42:00
297546,2023-03-08 18:00:00
297547,2023-02-27 23:10:00
297551,2023-02-28 00:10:00
297552,2023-02-28 00:17:00
297553,2023-02-28 00:26:00
297556,2023-02-28 01:07:00
297570,2023-02-28 06:10:00
297590,2023-02-28 21:38:00
297601,2023-03-11 12:59:59
297608,2023-02-24 12:00:00
297613,2023-03-28 14:29:59
297614,2023-02-28 20:45:59
297620,2023-02-21 21:30:00
297621,2023-02-28 22:11:00
297622,2023-03-08 18:00:00
297628,2023-02-28 22:01:03
297629,2023-03-06 17:26:00
297632,2023-03-01 02:00:00
297633,2023-02-28 18:30:00
297634,2023-03-01 18:59:59
297637,2023-02-28 17:00:00
297642,2023-03-01 15:48:00
297644,2023-02-28 20:39:20
297646,2023-02-28 23:40:18
297652,2023-02-28 23:03:44
297653,2023-03-01 19:14:00
297655,2023-03-01 00:24:00
297656,2023-02-28 23:35:16
297657,2023-02-28 23:00:00
297661,2023-03-01 03:27:59
297662,2023-03-01 15:59:59
297664,2023-03-01 00:32:00
297666,2023-03-01 00:30:59
297667,2023-03-01 00:11:00
297668,2023-02-28 21:30:00
297669,2023-03-06 17:18:00
297674,2023-03-09 18:32:00
297675,2023-03-09 19:21:59
297677,2023-03-02 00:00:00
297678,2023-03-01 05:07:16
297680,2023-03-01 03:59:59
297681,2023-03-01 04:50:59
297693,2023-03-05 17:19:59
297697,2023-03-01 12:43:00
297705,2023-03-01 22:05:00
297707,2023-02-28 21:30:00
297709,2023-03-06 18:00:00
297711,2023-02-28 20:00:00
297717,2023-03-01 22:04:00
297719,2023-03-28 14:29:59
297728,2023-03-01 16:23:00
297729,2023-03-01 16:30:00
297730,2023-03-02 00:00:00
297731,2023-03-28 14:29:59
297734,2023-02-26 20:29:59
297738,2023-03-01 16:30:00
297739,2023-03-01 17:35:00
297743,2023-03-08 18:00:00
297749,2023-03-23 19:30:00
297751,2023-03-01 23:54:00
297753,2023-03-01 21:25:00
297756,2023-03-01 21:03:00
297757,2023-03-02 00:00:00
297758,2023-02-27 21:00:00
297760,2023-03-02 18:59:59
297761,2023-03-03 18:40:00
297762,2023-03-06 17:00:00
297764,2023-03-01 22:10:00
297765,2023-03-02 00:48:00
297768,2023-03-02 16:50:00
297771,2023-03-02 02:45:59
297781,2023-03-01 21:29:00
297783,2023-03-02 08:38:06
297788,2023-03-01 18:00:00
297789,2023-03-02 00:00:00
297790,2023-03-06 18:20:59
297794,2023-03-01 21:39:00
297795,2023-03-01 23:00:00
297796,2023-03-01 15:59:59
297797,2023-02-28 20:29:59
297798,2023-02-28 22:08:00
297799,2023-03-08 18:00:00
297802,2023-03-02 00:59:59
297807,2023-03-02 18:59:59
297809,2023-03-02 18:59:59
297812,2023-03-06 22:23:00
297816,2023-03-02 17:35:00
297818,2023-02-27 01:57:59
297819,2023-03-02 18:26:00
297824,2023-03-02 19:27:00
297849,2023-02-27 18:27:00
297850,2023-03-02 19:39:52
297852,2023-03-02 20:19:00
297853,2023-03-02 20:58:00
297854,2023-03-02 20:34:00
297855,2023-03-06 20:56:00
297856,2023-03-02 20:42:59
297862,2023-03-03 14:03:59
297863,2023-03-02 22:30:00
297866,2023-03-03 00:11:27
297870,2023-03-02 23:03:59
297871,2023-03-02 23:09:33
297872,2023-03-03 00:14:59
297876,2023-03-02 22:44:59
297892,2023-03-03 06:16:00
297896,2023-03-03 07:42:00
297906,2023-02-19 23:29:00
297908,2023-02-17 22:24:00
297917,2023-03-03 15:41:00
297919,2023-03-03 16:44:59
297922,2023-04-02 18:14:59
297923,2023-04-02 17:10:00
297927,2023-03-10 20:00:00
297929,2023-03-03 18:42:00
297931,2023-03-03 00:28:15
297947,2023-03-01 17:48:00
297955,2023-03-04 01:31:59
297962,2023-03-05 15:28:08
297978,2023-03-04 09:45:00
297980,2023-03-04 09:53:00
297984,2023-03-04 12:25:00
297988,2023-03-04 18:48:00
297992,2023-03-04 14:17:38
298004,2023-03-03 21:59:59
298006,2023-03-04 21:20:30
298007,2023-03-05 00:57:00
298008,2023-03-08 00:30:00
298009,2023-03-05 18:10:00
298010,2023-03-04 23:00:00
298011,2023-03-04 21:20:00
298016,2023-03-04 22:12:00
298017,2023-03-07 14:12:19
298019,2023-03-05 01:59:03
298020,2023-03-05 00:30:00
298022,2023-03-05 00:40:00
298023,2023-03-05 01:44:59
298024,2023-03-07 16:34:59
298036,2023-03-05 05:53:00
298046,2023-03-05 12:38:17
298050,2023-03-05 22:04:00
298051,2023-03-05 22:37:00
298055,2023-03-28 14:29:59
298059,2023-03-28 14:29:59
298062,2023-03-05 18:39:00
298064,2023-03-05 20:10:00
298065,2023-03-05 20:00:00
298066,2023-03-05 20:39:00
298070,2023-02-23 23:29:00
298071,2023-02-28 01:30:00
298075,2023-03-03 13:44:59
298076,2023-03-05 21:42:00
298077,2023-03-12 21:45:24
298079,2023-03-05 22:42:00
298080,2023-03-05 23:05:00
298082,2023-03-06 00:01:00
298083,2023-03-06 00:00:00
298084,2023-03-06 22:30:28
298085,2023-03-06 00:00:00
298088,2023-03-06 03:30:00
298091,2023-03-06 01:21:00
298097,2023-03-06 04:26:00
298098,2023-03-06 03:27:00
298099,2023-03-06 04:28:00
298100,2023-03-06 03:45:00
298117,2023-03-07 01:20:00
298120,2023-03-28 14:29:59
298122,2023-03-06 19:55:00
298123,2023-03-06 22:57:00
298124,2023-03-08 18:00:00
298126,2023-02-24 21:57:00
298127,2023-02-24 19:47:59
298128,2023-03-05 22:15:00
298129,2023-03-06 02:00:00
298130,2023-02-23 23:51:00
298131,2023-02-23 22:10:00
298132,2023-03-06 21:17:00
298152,2023-03-06 15:30:00
298168,2023-03-06 01:30:00
298171,2023-03-05 23:00:00
298177,2023-03-06 18:14:59
298178,2023-03-15 15:35:00
298179,2023-03-06 19:15:59
298188,2023-03-06 20:00:59
298191,2023-03-06 21:25:00
298192,2023-03-06 22:17:00
298197,2023-03-07 00:45:00
298198,2023-03-06 05:00:00
298199,2023-03-06 22:04:00
298204,2023-03-07 01:24:00
298213,2023-03-07 00:59:59
298224,2023-03-07 09:05:13
298227,2023-03-07 09:04:59
298248,2023-03-07 23:51:00
298252,2023-03-07 21:40:00
298255,2023-03-28 14:29:59
298256,2023-03-06 23:19:59
298258,2023-03-06 23:00:00
298261,2023-03-06 21:00:00
298264,2023-03-05 18:59:59
298269,2023-03-28 14:29:59
298270,2023-03-07 12:00:00
298281,2023-03-07 16:40:24
298282,2023-03-05 02:00:00
298285,2023-03-08 18:00:00
298286,2023-03-08 18:00:00
298287,2023-03-08 18:00:00
298289,2023-03-08 18:00:00
298291,2023-03-06 00:20:00
298292,2023-03-07 17:00:00
298295,2023-03-07 18:59:00
298298,2023-03-07 23:00:00
298299,2023-03-07 00:55:00
298304,2023-03-07 20:29:59
298307,2023-03-07 20:29:59
298317,2023-03-07 21:17:59
298319,2023-03-07 21:04:59
298320,2023-03-07 21:04:59
298321,2023-03-07 19:44:59
298322,2023-03-08 18:00:00
298325,2023-03-07 22:21:00
298327,2023-03-07 22:50:59
298333,2023-03-07 23:48:00
298334,2023-03-07 23:00:00
298339,2023-02-27 19:30:00
298349,2023-03-08 05:06:00
298364,2023-03-07 01:28:59
298365,2023-03-07 00:59:59
298367,2023-03-08 13:42:00
298368,2023-03-08 20:13:00
298371,2023-03-07 22:30:00
298380,2023-03-08 16:34:59
298382,2023-03-28 14:29:59
298390,2023-03-06 21:00:00
298396,2023-03-08 21:30:00
298397,2023-03-21 20:56:00
298400,2023-03-13 20:00:00
298401,2023-03-06 00:43:59
298407,2023-03-19 19:42:00
298414,2023-03-07 20:05:00
298421,2023-03-08 22:37:00
298422,2023-03-08 22:57:59
298424,2023-03-08 22:50:00
298425,2023-03-08 23:13:00
298427,2023-03-09 00:30:00
298440,2023-03-08 18:00:00
298443,2023-03-09 01:47:00
298451,2023-03-09 03:00:00
298464,2023-03-08 00:59:59
298479,2023-03-09 16:15:00
298482,2023-03-09 17:05:00
298488,2023-03-04 22:17:00
298489,2023-03-06 23:55:00
298497,2023-03-09 20:45:59
298499,2023-03-02 18:32:00
298504,2023-03-09 19:44:59
298507,2023-03-09 21:20:59
298510,2023-03-09 20:38:00
298513,2023-03-06 13:20:00
298514,2023-03-09 21:46:59
298518,2023-03-09 21:52:00
298521,2023-03-09 15:59:59
298525,2023-03-21 00:00:00
298526,2023-03-10 00:17:59
298528,2023-03-09 22:42:00
298530,2023-03-10 03:07:00
298531,2023-03-27 15:59:59
298539,2023-03-09 23:54:00
298549,2023-03-10 04:21:59
298567,2023-03-10 16:08:18
298569,2023-03-10 17:02:03
298573,2023-03-08 19:25:00
298581,2023-03-10 20:02:00
298585,2023-03-10 23:29:59
298586,2023-03-05 18:00:00
298587,2023-03-10 23:40:42
298588,2023-03-10 20:58:00
298589,2023-03-19 20:15:00
298595,2023-03-10 21:59:59
298597,2023-03-10 00:22:00
298603,2023-03-12 00:59:59
298604,2023-03-11 04:18:00
298614,2023-03-11 07:43:52
298616,2023-03-11 13:30:00
298629,2023-03-11 20:42:00
298630,2023-03-11 20:29:59
298634,2023-03-11 23:00:00
298635,2023-03-12 17:25:00
298637,2023-03-12 00:07:00
298653,2023-03-11 20:29:59
298658,2023-03-12 17:44:00
298659,2023-03-12 20:29:59
298664,2023-03-12 23:11:00
298667,2023-03-13 02:21:51
298670,2023-03-13 03:20:32
298671,2023-03-13 04:20:17
298684,2023-03-08 22:56:00
298687,2023-03-08 22:37:00
298688,2023-03-10 22:47:59
298690,2023-03-01 21:59:59
298693,2023-03-08 21:59:59
298699,2023-03-13 16:30:00
298704,2023-03-13 17:40:00
298710,2023-03-05 21:49:00
298711,2023-03-13 20:05:00
298713,2023-03-13 20:31:00
298718,2023-03-13 22:12:00
298722,2023-03-13 23:29:00
298730,2023-03-13 22:07:00
298738,2023-03-30 19:40:29
298757,2023-03-14 10:21:00
298760,2023-03-19 17:40:00
298765,2023-03-14 15:14:59
298766,2023-03-28 14:29:59
298767,2023-03-28 14:29:59
298780,2023-03-14 13:32:37
298783,2023-03-14 22:36:00
298787,2023-03-13 00:59:59
298801,2023-03-14 18:25:00
298802,2023-03-14 15:00:00
298804,2023-03-14 16:13:02
298809,2023-03-14 22:30:00
298816,2023-03-12 23:29:59
298818,2023-03-13 19:51:45
298819,2023-03-14 18:20:00
298820,2023-03-14 16:27:00
298821,2023-03-15 19:57:00
298822,2023-03-14 19:56:00
298823,2023-03-14 21:59:00
298825,2023-03-14 20:34:00
298826,2023-03-13 23:42:59
298827,2023-03-14 19:56:00
298829,2023-03-14 22:34:00
298830,2023-03-14 19:15:00
298831,2023-03-14 21:32:00
298835,2023-03-09 00:00:00
298838,2023-03-01 00:30:00
298846,2023-03-14 18:00:00
298848,2023-02-23 23:23:00
298852,2023-03-14 20:45:00
298857,2023-03-14 23:32:00
298862,2023-03-14 23:42:59
298864,2023-03-16 17:44:00
298865,2023-03-14 22:40:00
298867,2023-03-15 16:47:00
298868,2023-03-20 23:00:00
298869,2023-03-15 00:59:59
298871,2023-03-15 14:25:00
298872,2023-03-15 01:20:00
298873,2023-03-15 02:31:00
298941,2023-03-13 01:30:00
299025,2023-03-15 19:20:00
299026,2023-03-15 23:51:59
299052,2023-03-06 18:31:01
299084,2023-03-12 03:30:00
299147,2023-03-14 22:08:00
299198,2023-03-14 00:00:00
299330,2023-03-14 20:29:59
299361,2023-03-14 20:50:00
299376,2023-03-27 15:59:59
299377,2023-03-15 19:56:00
299380,2023-03-14 21:14:59
299387,2023-03-13 19:21:00
299389,2023-03-16 14:29:59
299390,2023-03-16 17:57:00
299391,2023-03-15 21:32:41
299392,2023-03-15 20:29:59
299394,2023-03-14 01:34:59
299397,2023-03-15 21:57:00
299398,2023-03-15 22:10:00
299399,2023-03-16 21:59:59
299402,2023-03-11 21:59:59
299404,2023-03-16 00:01:00
299405,2023-03-16 01:40:00
299407,2023-03-16 04:18:59
299421,2023-03-16 09:55:00
299422,2023-03-29 23:24:00
299423,2023-04-11 19:46:00
299424,2023-03-29 23:24:00
299425,2023-03-29 23:24:00
299426,2023-03-29 23:24:00
299429,2023-03-15 23:12:00
299452,2023-03-16 04:25:00
299456,2023-03-27 15:59:59
299463,2023-03-16 01:30:00
299464,2023-03-16 02:00:00
299469,2023-03-20 23:00:00
299470,2023-03-16 18:30:13
299472,2023-03-16 01:46:49
299473,2023-03-16 00:30:00
299476,2023-03-15 19:57:54
299477,2023-03-16 12:12:56
299479,2023-03-16 12:30:54
299481,2023-03-16 03:58:06
299485,2023-03-20 19:49:36
299489,2023-03-16 21:45:54
299491,2023-03-16 18:42:49
299494,2023-03-16 18:55:00
299497,2023-03-16 19:58:18
299498,2023-03-16 17:00:00
299499,2023-03-16 23:16:54
299500,2023-03-16 21:17:08
299518,2023-03-16 00:59:59
299521,2023-03-16 22:15:59
299522,2023-03-16 21:04:00
299523,2023-03-16 21:04:59
299526,2023-03-16 22:41:42
299527,2023-03-17 00:19:02
299528,2023-03-17 01:07:17
299531,2023-03-16 23:58:10
299533,2023-03-17 00:04:59
299536,2023-03-17 01:21:00
299542,2023-03-17 00:35:00
299544,2023-03-16 21:19:41
299545,2023-03-16 21:34:28
299546,2023-03-17 01:54:26
299547,2023-03-15 22:00:17
299548,2023-03-16 22:58:50
299549,2023-03-17 05:41:41
299550,2023-03-17 00:30:15
299552,2023-03-17 04:17:51
299553,2023-03-16 21:52:03
299554,2023-03-16 20:39:33
299555,2023-03-16 21:15:39
299557,2023-03-17 00:31:52
299558,2023-03-17 02:45:24
299559,2023-03-16 19:33:09
299560,2023-03-17 03:12:03
299561,2023-03-17 02:40:00
299569,2023-03-17 02:40:08
299570,2023-03-17 05:44:57
299571,2023-03-17 04:34:27
299578,2023-03-15 17:29:37
299579,2023-03-16 18:59:00
299581,2023-03-05 20:00:00
299595,2023-03-17 16:46:20
299601,2023-03-17 17:12:30
299608,2023-02-28 15:30:03
299610,2023-03-17 18:59:59
299612,2023-03-01 03:47:18
299614,2023-03-14 20:07:53
299615,2023-03-15 20:24:00
299616,2023-03-15 21:09:49
299624,2023-03-17 20:19:24
299629,2023-03-17 22:19:21
299630,2023-03-17 21:59:59
299635,2023-03-17 22:14:00
299642,2023-03-18 16:25:00
299643,2023-03-17 23:00:00
299649,2023-03-18 03:36:59
299654,2023-03-17 21:00:00
299666,2023-03-15 19:55:00
299667,2023-03-17 02:00:00
299668,2023-03-22 21:00:00
299670,2023-03-18 16:40:00
299673,2023-03-27 15:59:59
299674,2023-03-27 15:59:59
299675,2023-03-15 20:00:00
299677,2023-03-18 18:59:59
299679,2023-03-17 00:00:00
299680,2023-03-18 23:19:00
299691,2023-03-19 16:53:00
299698,2023-03-19 04:33:00
299702,2023-03-19 19:47:00
299703,2023-03-19 04:23:00
299719,2023-03-18 21:39:00
299736,2023-03-05 03:34:45
299737,2023-03-07 22:16:25
299738,2023-03-06 23:53:47
299739,2023-03-08 23:43:53
299740,2023-03-07 02:07:18
299741,2023-03-06 18:46:03
299742,2023-03-07 00:12:32
299743,2023-03-05 20:33:48
299745,2023-03-06 22:57:12
299746,2023-03-10 00:16:33
299747,2023-03-09 21:07:19
299748,2023-03-08 18:42:03
299749,2023-03-10 02:24:39
299750,2023-03-09 22:14:35
299751,2023-03-10 16:26:29
299752,2023-03-10 03:53:08
299753,2023-03-10 18:54:38
299754,2023-03-01 23:06:32
299762,2023-03-19 20:44:00
299766,2023-03-21 20:00:00
299767,2023-03-19 19:02:59
299771,2023-03-19 23:19:59
299773,2023-03-19 21:30:00
299780,2023-03-19 21:55:00
299785,2023-03-20 00:20:00
299791,2023-03-20 02:00:59
299800,2023-03-20 03:32:00
299810,2023-03-19 22:44:59
299823,2023-03-19 03:00:00
299824,2023-03-19 18:00:00
299825,2023-03-19 23:48:00
299828,2023-03-20 02:42:00
299829,2023-03-28 21:20:00
299832,2023-04-12 21:20:59
299835,2023-03-19 00:00:00
299836,2023-03-20 00:00:00
299841,2023-03-20 15:59:59
299842,2023-04-09 21:00:00
299843,2023-03-27 15:59:59
299844,2023-03-19 18:59:59
299848,2023-03-19 23:13:00
299849,2023-03-25 18:00:00
299854,2023-03-20 16:15:00
299857,2023-03-21 15:59:59
299861,2023-03-20 17:06:00
299866,2023-03-21 20:11:00
299867,2023-03-02 21:00:00
299868,2023-03-14 21:00:00
299869,2023-03-20 17:40:00
299871,2023-03-19 18:00:00
299883,2023-03-21 16:18:00
299886,2023-03-20 18:00:00
299888,2023-03-20 21:14:00
299891,2023-03-20 21:59:59
299892,2023-03-20 20:29:59
299893,2023-03-19 00:57:00
299894,2023-03-20 20:50:00
299897,2023-03-20 22:30:00
299898,2023-03-20 20:29:59
299899,2023-03-20 21:49:59
299905,2023-03-20 20:29:59
299906,2023-03-21 00:40:00
299909,2023-03-20 23:31:00
299912,2023-03-18 03:30:00
299913,2023-03-20 21:59:59
299914,2023-03-20 21:14:59
299922,2023-03-21 03:10:00
299923,2023-03-21 02:13:00
299936,2023-03-20 20:29:59
299944,2023-03-19 04:14:43
299978,2023-04-05 17:00:00
299980,2023-03-20 18:00:00
299984,2023-03-21 00:00:00
299985,2023-03-22 18:42:00
299986,2023-03-09 20:45:00
299997,2023-03-20 23:00:00
300006,2023-03-20 00:00:00
300010,2023-04-05 17:00:00
300013,2023-03-21 19:08:00
300017,2023-03-21 18:29:00
300019,2023-03-21 00:00:00
300021,2023-03-20 19:15:00
300022,2023-03-20 23:45:00
300023,2023-03-19 22:59:00
300026,2023-03-20 12:59:59
300027,2023-03-31 19:30:00
300029,2023-03-21 00:00:00
300030,2023-03-21 15:20:00
300032,2023-03-19 22:25:00
300033,2023-03-21 21:29:00
300034,2023-03-21 19:44:59
300035,2023-03-21 18:52:00
300039,2023-03-21 23:15:27
300042,2023-03-21 20:40:00
300043,2023-03-23 14:19:59
300044,2023-03-21 21:17:59
300047,2023-03-21 21:25:00
300049,2023-03-21 21:17:59
300051,2023-03-21 21:59:59
300052,2023-03-23 18:37:42
300057,2023-03-21 23:10:09
300058,2023-03-22 00:17:42
300059,2023-03-22 00:52:53
300060,2023-03-24 01:20:14
300062,2023-03-22 01:21:59
300063,2023-03-21 23:03:59
300064,2023-03-22 00:56:00
300065,2023-03-22 01:23:33
300066,2023-03-22 00:09:49
300067,2023-03-22 00:47:47
300069,2023-03-22 00:35:54
300071,2023-03-22 01:08:51
300076,2023-03-22 02:29:15
300077,2023-03-22 01:17:44
300078,2023-03-22 02:23:18
300079,2023-03-21 22:18:48
300088,2023-03-22 19:27:00
300089,2023-03-22 11:42:45
300103,2023-03-22 16:30:00
300104,2023-03-22 21:30:00
300105,2023-03-22 13:53:57
300106,2023-03-22 21:59:59
300107,2023-03-22 00:07:18
300109,2023-03-22 02:28:08
300110,2023-03-22 15:41:29
300112,2023-03-21 19:01:00
300114,2023-03-21 19:44:59
300117,2023-03-16 22:33:00
300119,2023-03-20 20:00:00
300122,2023-03-16 21:00:00
300128,2023-03-21 15:25:22
300129,2023-03-21 20:34:28
300130,2023-03-21 22:31:40
300131,2023-03-21 18:00:22
300133,2023-03-22 18:02:25
300136,2023-03-21 20:13:56
300139,2023-03-20 20:40:00
300140,2023-03-15 18:59:59
300141,2023-03-15 22:10:00
300143,2023-03-21 00:00:00
300144,2023-03-22 00:00:00
300146,2023-02-13 15:59:59
300148,2023-02-21 22:27:00
300149,2023-03-21 18:00:00
300150,2023-02-20 22:09:00
300152,2023-03-22 17:31:00
300154,2023-03-22 00:04:59
300156,2023-03-22 21:46:59
300157,2023-03-28 16:42:00
300158,2023-03-22 14:29:59
300160,2023-03-20 23:12:03
300164,2023-03-22 18:59:59
300165,2023-03-22 19:30:00
300166,2023-03-22 19:52:00
300172,2023-03-22 20:00:00
300176,2023-03-22 20:00:00
300177,2023-03-22 20:19:59
300179,2023-03-22 23:38:54
300181,2023-03-22 20:29:59
300188,2023-03-22 22:50:00
300191,2023-03-22 23:29:59
300193,2023-03-22 23:38:00
300195,2023-03-22 23:25:00
300196,2023-03-22 23:32:00
300197,2023-03-22 19:57:00
300199,2023-03-23 00:01:00
300200,2023-03-22 23:29:59
300205,2023-03-23 16:07:00
300206,2023-03-23 02:15:00
300209,2023-03-23 02:00:00
300212,2023-03-23 03:33:59
300227,2023-03-23 21:52:00
300237,2023-03-23 01:30:00
300238,2023-03-20 18:45:53
300242,2023-03-23 15:10:00
300244,2023-03-23 16:27:00
300250,2023-03-23 00:00:00
300256,2023-03-21 02:21:52
300257,2023-03-23 17:00:00
300270,2023-03-15 21:59:59
300277,2023-03-23 19:52:00
300282,2023-03-23 19:50:59
300283,2023-03-23 06:00:00
300289,2023-03-23 21:16:39
300291,2023-03-29 20:29:59
300292,2023-03-23 20:22:00
300297,2023-03-23 22:01:30
300298,2023-03-23 23:26:36
300303,2023-03-24 03:29:11
300308,2023-03-24 01:07:32
300310,2023-03-23 23:29:59
300312,2023-03-24 00:39:00
300313,2023-03-24 15:45:00
300327,2023-03-24 01:30:00
300337,2023-03-24 14:13:00
300341,2023-03-23 22:36:00
300344,2023-03-17 00:05:51
300345,2023-03-23 19:09:00
300353,2023-03-22 18:43:59
300357,2023-03-24 15:00:00
300361,2023-04-05 17:00:00
300363,2023-03-25 14:35:59
300365,2023-03-24 16:53:00
300366,2023-03-22 18:20:00
300370,2023-03-24 19:44:59
300372,2023-03-21 18:59:59
300373,2023-03-20 18:00:00
300374,2023-03-21 15:00:00
300376,2023-03-22 19:25:00
300380,2023-03-05 01:30:00
300381,2023-03-24 00:59:59
300382,2023-03-23 19:15:00
300387,2023-03-24 22:30:00
300393,2023-03-24 22:57:59
300410,2023-03-25 06:30:59
300414,2023-03-25 08:07:14
300424,2023-03-21 20:15:35
300426,2023-03-25 15:30:00
300439,2023-03-26 01:18:12
300440,2023-03-25 20:43:32
300442,2023-03-25 20:25:00
300444,2023-03-25 20:47:00
300445,2023-03-25 21:54:05
300446,2023-03-25 22:45:23
300447,2023-03-25 23:08:05
300449,2023-03-26 17:10:00
300450,2023-03-25 21:00:04
300452,2023-03-26 16:40:52
300453,2023-03-25 23:29:59
300454,2023-03-26 02:04:37
300456,2023-03-25 22:30:00
300457,2023-03-25 21:27:00
300458,2023-03-25 20:40:00
300460,2023-03-26 00:30:56
300461,2023-03-26 01:15:18
300464,2023-03-25 22:05:35
300465,2023-03-25 01:15:00
300467,2023-03-26 00:30:00
300468,2023-03-25 23:44:00
300470,2023-03-25 22:34:00
300471,2023-03-25 23:35:00
300472,2023-03-26 01:01:20
300474,2023-03-26 01:27:46
300475,2023-03-26 02:30:50
300476,2023-03-26 01:05:00
300478,2023-03-26 01:56:35
300480,2023-03-26 01:12:00
300482,2023-03-26 00:42:00
300484,2023-03-26 02:44:24
300485,2023-03-26 03:21:21
300488,2023-03-27 16:07:00
300496,2023-03-26 12:00:00
300499,2023-03-27 15:22:00
300501,2023-01-24 19:01:00
300502,2023-03-26 18:30:00
300504,2023-03-26 15:19:00
300509,2023-03-26 15:42:45
300510,2023-03-26 15:55:26
300511,2023-03-26 16:55:22
300512,2023-03-28 18:36:00
300514,2023-03-26 17:29:59
300517,2023-03-26 18:24:00
300518,2023-03-26 18:20:33
300519,2023-03-26 18:23:46
300524,2023-03-26 18:00:00
300525,2023-03-26 19:57:18
300526,2023-03-26 21:00:00
300527,2023-03-26 20:57:32
300528,2023-03-27 22:01:06
300530,2023-03-29 20:10:07
300531,2023-03-26 20:42:00
300533,2023-03-26 21:27:59
300538,2023-03-26 23:50:39
300540,2023-03-26 22:44:59
300541,2023-03-26 22:31:00
300542,2023-03-26 22:53:00
300543,2023-03-26 22:44:59
300544,2023-03-26 22:15:13
300545,2023-03-26 22:15:12
300546,2023-03-27 01:22:11
300547,2023-03-26 23:51:43
300548,2023-03-27 01:18:59
300550,2023-03-27 22:40:00
300551,2023-03-26 23:09:00
300552,2023-03-26 22:52:47
300554,2023-03-26 23:27:59
300555,2023-03-27 00:59:48
300556,2023-03-27 02:24:17
300557,2023-03-26 23:53:36
300561,2023-03-31 21:30:00
300562,2023-03-27 16:55:00
300563,2023-03-27 01:21:43
300565,2023-03-27 02:27:00
300570,2023-03-27 03:16:17
300587,2023-03-27 08:29:59
300593,2023-03-25 22:12:00
300595,2023-03-27 12:00:00
300596,2023-03-27 12:00:00
300611,2023-03-26 00:58:00
300613,2023-03-27 03:00:00
300616,2023-03-27 14:39:08
300619,2023-03-22 20:16:00
300620,2023-03-23 18:17:59
300621,2023-03-25 01:04:00
300628,2023-03-27 17:25:44
300631,2023-03-27 15:46:00
300633,2023-03-26 15:53:00
300634,2023-03-27 15:35:00
300639,2023-03-27 17:00:00
300640,2023-03-27 17:16:00
300644,2023-03-27 18:52:00
300647,2023-03-28 00:32:48
300648,2023-03-27 20:58:07
300649,2023-03-27 17:00:00
300651,2023-03-31 16:51:51
300653,2023-03-26 19:02:59
300654,2023-03-27 18:14:59
300656,2023-03-27 20:18:00
300657,2023-03-29 20:30:15
300658,2023-03-27 23:17:56
300660,2023-03-27 17:35:00
300661,2023-03-27 20:55:00
300662,2023-03-28 00:51:31
300666,2023-03-27 16:57:00
300667,2023-03-28 00:23:59
300669,2023-03-28 00:00:36
300670,2023-03-28 21:19:09
300671,2023-03-28 00:33:59
300672,2023-03-27 22:02:59
300673,2023-03-28 00:41:23
300676,2023-03-28 00:23:13
300678,2023-03-28 17:15:00
300680,2023-03-28 18:00:00
300681,2023-03-27 22:44:59
300682,2023-03-29 14:40:00
300683,2023-03-27 03:00:00
300684,2023-03-27 20:02:00
300685,2023-03-30 21:48:12
300687,2023-03-27 23:45:00
300688,2023-03-28 02:09:23
300689,2023-03-28 00:02:17
300691,2023-03-28 00:22:03
300693,2023-03-28 01:05:59
300696,2023-03-28 01:44:00
300699,2023-03-28 18:18:44
300703,2023-03-28 01:57:59
300706,2023-03-28 05:58:48
300742,2023-03-27 00:59:59
300743,2023-04-05 17:00:00
300744,2023-03-27 00:59:59
300746,2023-03-21 21:19:00
300747,2023-03-29 23:09:20
300749,2023-03-24 23:00:00
300751,2023-03-26 23:00:00
300753,2023-03-28 18:27:02
300754,2023-03-25 00:35:47
300755,2023-03-28 18:47:06
300756,2023-03-23 21:00:00
300760,2023-03-29 19:50:54
300762,2023-03-26 18:59:59
300765,2023-03-26 18:59:59
300766,2023-03-26 18:59:59
300770,2023-03-28 18:57:00
300774,2023-03-28 19:18:54
300775,2023-03-28 03:30:00
300778,2023-03-28 20:57:00
300779,2023-03-28 21:21:20
300780,2023-03-28 20:40:00
300782,2023-04-03 23:00:00
300787,2023-03-28 21:40:00
300793,2023-03-28 21:45:00
300795,2023-03-28 22:10:00
300796,2023-03-28 22:31:19
300797,2023-03-31 19:15:59
300800,2023-03-28 00:59:59
300801,2023-03-29 00:08:00
300802,2023-03-28 23:26:00
300803,2023-03-29 02:29:59
300806,2023-03-29 00:49:59
300807,2023-03-28 23:29:59
300808,2023-03-28 23:47:17
300816,2023-03-29 02:32:59
300820,2023-03-29 02:56:00
300824,2023-03-29 03:04:11
300832,2023-03-29 09:10:00
300834,2023-03-29 09:25:53
300840,2023-03-31 17:35:00
300849,2023-03-28 19:34:59
300858,2023-03-22 21:00:00
300862,2023-03-27 23:12:00
300863,2023-03-29 15:30:00
300864,2023-03-28 05:04:04
300866,2023-03-29 00:44:15
300868,2023-03-29 09:50:48
300871,2023-03-27 20:47:50
300872,2023-03-27 22:02:02
300876,2023-03-29 23:58:59
300880,2023-03-29 15:45:32
300884,2023-03-28 21:29:38
300885,2023-03-29 19:16:57
300886,2023-03-27 21:42:03
300890,2023-03-27 22:55:42
300891,2023-03-29 15:45:00
300892,2023-03-29 16:27:24
300894,2023-03-29 22:44:00
300896,2023-03-29 18:26:00
300898,2023-03-29 17:15:00
300899,2023-03-16 22:20:00
300900,2023-03-29 19:53:00
300902,2023-03-29 18:27:00
300908,2023-03-29 17:29:59
300912,2023-03-29 23:24:36
300913,2023-03-30 21:42:35
300914,2023-03-29 19:40:14
300916,2023-03-29 22:46:41
300917,2023-03-29 23:43:38
300918,2023-03-29 19:54:51
300919,2023-03-29 20:24:12
300920,2023-03-29 20:05:58
300921,2023-03-29 20:00:00
300922,2023-03-29 20:10:00
300924,2023-03-29 23:14:07
300925,2023-04-05 17:00:00
300927,2023-04-02 14:29:59
300929,2023-03-29 20:37:32
300930,2023-03-29 23:08:47
300933,2023-03-29 19:05:59
300944,2023-03-31 02:41:14
300945,2023-03-29 20:46:59
300947,2023-03-30 01:31:20
300948,2023-03-29 20:51:10
300950,2023-03-28 21:20:00
300952,2023-03-29 21:34:15
300953,2023-03-29 21:59:59
300954,2023-03-29 18:58:00
300955,2023-03-29 23:35:53
300957,2023-03-29 21:22:53
300960,2023-03-29 22:47:34
300961,2023-03-30 00:00:25
300962,2023-03-29 21:32:14
300963,2023-03-31 23:03:00
300964,2023-03-30 22:00:58
300965,2023-03-29 23:25:00
300968,2023-04-10 15:59:59
300969,2023-03-30 01:36:03
300970,2023-03-29 21:14:59
300971,2023-03-29 21:59:59
300972,2023-03-30 00:23:13
300973,2023-04-03 13:56:00
300974,2023-03-29 21:22:00
300977,2023-03-30 15:59:59
300978,2023-03-29 19:20:00
300980,2023-03-29 23:09:06
300981,2023-03-29 23:50:44
300985,2023-03-30 23:24:42
300986,2023-03-30 00:11:58
300987,2023-03-29 21:23:35
300988,2023-03-30 00:14:21
300989,2023-03-27 20:00:00
300994,2023-03-30 13:45:47
300997,2023-03-30 01:41:43
300998,2023-03-30 03:29:59
300999,2023-03-30 02:15:00
301002,2023-03-30 18:47:41
301003,2023-03-30 22:19:40
301015,2023-03-30 20:34:00
301016,2023-04-04 17:37:25
301017,2023-03-30 20:55:00
301024,2023-03-16 20:29:59
301032,2023-03-19 20:29:59
301033,2023-03-19 20:29:59
301037,2023-03-30 22:04:58
301038,2023-03-30 00:32:20
301061,2023-03-20 20:29:59
301063,2023-03-15 20:29:59
301067,2023-03-14 20:29:59
301068,2023-03-15 20:29:59
301074,2023-04-05 17:00:00
301081,2023-03-26 23:40:31
301086,2023-03-31 00:44:42
301088,2023-03-30 15:00:00
301090,2023-03-29 22:30:00
301099,2023-03-29 23:29:59
301101,2023-04-05 17:00:00
301102,2023-03-27 20:32:38
301103,2023-03-27 21:35:17
301105,2023-03-30 20:20:58
301106,2023-04-02 00:00:00
301108,2023-03-30 02:12:00
301109,2023-03-30 03:59:59
301110,2023-03-30 21:18:37
301111,2023-03-30 17:51:00
301113,2023-04-13 21:00:00
301114,2023-03-27 23:04:02
301115,2023-03-30 19:44:00
301117,2023-03-30 18:12:07
301118,2023-03-30 22:29:55
301121,2023-03-30 19:17:00
301122,2023-03-30 18:47:48
301123,2023-03-30 21:57:01
301125,2023-03-30 18:59:10
301126,2023-03-30 22:17:22
301127,2023-03-30 18:36:00
301128,2023-03-30 19:15:59
301129,2023-03-30 20:29:43
301130,2023-03-30 19:38:00
301131,2023-03-30 19:15:00
301132,2023-03-30 20:28:45
301133,2023-03-30 20:24:00
301139,2023-03-30 20:04:50
301140,2023-03-30 22:09:44
301141,2023-03-30 21:33:00
301142,2023-03-30 15:59:59
301143,2023-03-30 22:06:11
301145,2023-03-30 20:44:00
301146,2023-03-30 23:04:32
301147,2023-03-30 22:53:00
301149,2023-03-30 22:04:00
301150,2023-03-30 22:20:44
301151,2023-03-30 21:12:59
301155,2023-03-29 14:45:00
301156,2023-03-30 21:27:16
301157,2023-03-30 21:14:59
301159,2023-04-04 16:21:05
301160,2023-03-30 23:09:56
301162,2023-04-05 16:30:08
301165,2023-03-30 23:15:05
301166,2023-03-30 22:41:32
301167,2023-03-30 23:11:11
301168,2023-03-30 22:50:00
301170,2023-03-30 22:35:10
301172,2023-03-30 21:19:26
301174,2023-03-31 12:25:41
301175,2023-03-30 23:17:31
301176,2023-03-30 23:36:24
301177,2023-04-01 15:37:51
301178,2023-03-30 23:02:14
301179,2023-03-30 22:26:07
301181,2023-03-31 11:30:23
301182,2023-03-31 02:07:02
301183,2023-03-30 23:17:53
301185,2023-03-31 00:48:00
301187,2023-03-30 22:37:53
301188,2023-03-30 21:46:59
301189,2023-03-30 23:45:00
301190,2023-03-30 23:14:01
301192,2023-03-31 03:26:06
301193,2023-03-31 00:12:01
301194,2023-03-30 23:37:07
301195,2023-03-31 03:28:47
301196,2023-03-31 02:58:56
301197,2023-03-31 01:10:00
301198,2023-03-30 23:15:00
301199,2023-03-31 00:23:03
301200,2023-03-31 05:27:28
301203,2023-03-30 22:31:51
301206,2023-03-31 01:09:37
301207,2023-03-31 01:49:35
301208,2023-03-31 00:30:00
301209,2023-03-31 01:30:00
301210,2023-03-31 02:37:24
301211,2023-03-31 02:54:40
301213,2023-03-31 02:47:29
301214,2023-04-03 16:08:00
301216,2023-04-02 20:48:11
301217,2023-03-31 03:20:53
301218,2023-03-31 03:06:46
301221,2023-03-31 02:06:59
301228,2023-03-31 03:45:48
301232,2023-03-31 08:14:18
301233,2023-03-31 06:37:29
301234,2023-03-31 05:23:04
301236,2023-03-31 02:58:48
301237,2023-03-31 08:10:00
301240,2023-03-31 09:38:29
301242,2023-03-31 02:06:59
301253,2023-03-31 02:45:00
301258,2023-03-31 14:18:00
301259,2023-03-31 09:00:00
301261,2023-03-27 21:45:14
301262,2023-03-26 23:20:50
301263,2023-03-31 20:29:59
301268,2023-03-31 15:47:13
301273,2023-03-31 03:00:00
301275,2023-04-01 18:32:00
301276,2023-03-31 05:00:00
301279,2023-03-29 19:06:45
301283,2023-04-02 00:00:00
301285,2023-03-31 11:00:00
301286,2023-03-31 19:37:00
301291,2023-03-31 19:34:17
301292,2023-03-31 19:30:00
301299,2023-03-29 22:44:59
301300,2023-03-31 19:26:00
301301,2023-03-30 00:59:59
301302,2023-03-31 19:25:00
301304,2023-03-31 20:58:59
301307,2023-04-10 15:59:59
301308,2023-04-01 20:25:30
301312,2023-03-31 21:30:00
301313,2023-03-31 21:00:00
301315,2023-04-01 01:26:59
301316,2023-03-31 22:28:59
301317,2023-04-06 00:00:00
301320,2023-04-10 14:00:00
301324,2023-04-01 00:59:59
301327,2023-04-01 00:53:00
301332,2023-04-01 19:31:29
301344,2023-04-01 05:19:59
301345,2023-04-04 21:59:59
301358,2023-04-01 00:59:59
301359,2023-04-01 03:59:59
301360,2023-04-01 03:59:59
301361,2023-04-05 17:00:00
301362,2023-04-05 17:00:00
301364,2023-04-01 01:30:00
301365,2023-04-01 21:00:00
301366,2023-04-05 17:00:00
301368,2023-03-31 21:00:00
301369,2023-04-03 12:59:59
301375,2023-03-31 23:00:00
301376,2023-03-31 21:00:00
301379,2023-03-31 20:29:59
301397,2023-04-02 16:47:40
301408,2023-04-01 17:47:00
301414,2023-04-01 17:29:59
301416,2023-04-01 21:32:36
301419,2023-04-01 18:29:53
301420,2023-04-01 20:36:18
301421,2023-04-03 21:30:00
301422,2023-04-01 19:55:00
301424,2023-04-01 19:29:07
301426,2023-04-01 22:07:00
301427,2023-04-01 19:55:58
301428,2023-04-02 20:01:18
301429,2023-04-01 21:08:04
301430,2023-04-01 19:48:53
301431,2023-04-01 22:33:11
301435,2023-04-01 21:13:03
301438,2023-04-01 20:15:55
301440,2023-04-01 20:21:27
301441,2023-04-01 22:53:00
301442,2023-04-01 20:00:00
301443,2023-04-01 20:23:29
301445,2023-04-01 21:16:35
301446,2023-04-01 20:23:29
301447,2023-04-01 15:14:59
301448,2023-04-01 15:45:00
301450,2023-04-02 01:12:36
301451,2023-04-03 15:18:50
301452,2023-04-01 21:20:00
301453,2023-04-01 20:47:31
301455,2023-04-02 01:05:48
301456,2023-04-01 19:05:00
301458,2023-04-01 23:43:33
301459,2023-04-01 18:59:59
301460,2023-04-01 17:47:00
301461,2023-04-02 02:14:03
301462,2023-04-01 21:02:44
301463,2023-04-01 23:27:00
301464,2023-04-02 02:49:23
301465,2023-04-01 20:34:00
301467,2023-04-01 21:00:00
301468,2023-04-01 23:16:00
301470,2023-04-01 22:03:08
301471,2023-04-01 21:14:27
301472,2023-04-02 03:19:57
301474,2023-04-02 02:42:00
301476,2023-04-01 23:08:09
301477,2023-04-01 22:04:59
301478,2023-04-01 22:05:49
301479,2023-04-01 22:41:00
301481,2023-04-02 00:31:45
301482,2023-04-02 02:34:32
301483,2023-04-01 23:57:18
301484,2023-04-01 22:55:41
301485,2023-04-01 23:52:45
301487,2023-04-01 22:44:59
301490,2023-04-01 23:51:54
301491,2023-04-02 00:06:00
301492,2023-04-02 14:25:33
301493,2023-04-01 23:20:08
301494,2023-04-02 18:30:59
301499,2023-04-02 02:50:00
301500,2023-04-02 17:21:14
301501,2023-04-01 23:45:45
301503,2023-04-02 17:55:29
301505,2023-04-03 20:22:00
301506,2023-04-02 00:18:04
301507,2023-04-02 00:18:52
301508,2023-04-02 03:45:05
301509,2023-04-02 00:05:08
301510,2023-04-02 05:53:42
301511,2023-04-02 00:30:00
301513,2023-04-02 00:40:04
301515,2023-04-02 17:34:30
301516,2023-04-02 16:57:00
301517,2023-04-02 00:59:59
301519,2023-04-02 00:59:59
301521,2023-04-02 01:16:55
301523,2023-04-01 19:15:00
301524,2023-04-02 18:38:05
301525,2023-04-01 21:14:59
301527,2023-04-02 00:00:00
301528,2023-04-01 23:08:51
301529,2023-04-02 22:14:33
301530,2023-04-02 04:23:00
301531,2023-04-02 19:01:06
301532,2023-04-01 23:18:00
301533,2023-04-02 03:11:02
301534,2023-04-02 17:18:05
301535,2023-04-02 01:30:00
301536,2023-04-01 23:00:00
301537,2023-04-02 02:41:02
301538,2023-04-02 19:17:57
301539,2023-04-02 15:37:44
301540,2023-04-02 15:31:02
301542,2023-04-02 18:03:32
301544,2023-04-02 03:25:00
301547,2023-04-02 03:27:59
301551,2023-04-01 21:27:00
301552,2023-04-02 20:06:33
301561,2023-04-11 13:57:00
301569,2023-02-27 23:18:56
301570,2023-03-06 21:18:57
301572,2023-03-06 19:26:42
301574,2023-04-02 14:00:00
301575,2023-03-07 03:24:00
301576,2023-04-12 18:59:59
301578,2023-04-10 15:00:00
301580,2023-04-03 22:20:00
301582,2023-03-31 16:24:00
301590,2023-04-02 16:30:00
301594,2023-04-01 23:00:00
301596,2023-03-31 19:10:00
301599,2023-04-02 18:20:00
301600,2023-04-02 19:44:00
301603,2023-04-01 17:00:00
301604,2023-04-01 17:00:00
301605,2023-04-03 00:05:45
301606,2023-04-02 19:27:32
301607,2023-04-02 21:29:45
301609,2023-04-02 23:19:59
301610,2023-04-04 23:00:00
301611,2023-04-06 12:00:00
301612,2023-04-02 20:20:29
301613,2023-04-02 23:22:00
301614,2023-04-02 23:49:01
301615,2023-04-02 20:03:48
301616,2023-04-10 15:59:59
301617,2023-04-02 03:36:00
301620,2023-04-02 19:15:00
301623,2023-04-02 22:52:00
301625,2023-04-10 14:00:00
301627,2023-04-10 14:00:00
301629,2023-04-02 20:29:16
301630,2023-04-04 20:22:00
301632,2023-04-02 19:15:59
301637,2023-04-02 22:33:30
301639,2023-04-02 23:02:00
301640,2023-04-02 23:32:00
301641,2023-04-02 22:55:00
301642,2023-04-03 00:02:03
301643,2023-04-02 23:24:55
301644,2023-04-02 23:10:00
301647,2023-04-03 01:56:01
301649,2023-04-02 22:49:00
301651,2023-04-02 00:00:00
301655,2023-04-02 23:00:00
301656,2023-04-03 00:46:00
301657,2023-04-02 20:29:59
301658,2023-04-02 21:00:00
301659,2023-04-02 20:29:59
301660,2023-04-03 01:04:38
301663,2023-04-03 13:55:51
301667,2023-04-07 17:40:00
301680,2023-04-08 15:45:00
301687,2023-04-02 17:29:59
301690,2023-03-27 18:00:00
301692,2023-04-03 21:00:00
301693,2023-03-28 20:00:00
301701,2023-04-02 23:00:00
301703,2023-04-02 23:00:00
301706,2023-04-03 16:23:00
301709,2023-04-03 17:00:00
301710,2023-04-03 20:29:59
301711,2023-04-03 16:47:59
301717,2023-04-03 17:13:15
301719,2023-03-26 21:41:36
301723,2023-04-03 17:30:14
301724,2023-03-30 16:30:00
301725,2023-04-01 01:30:00
301726,2023-04-03 23:10:00
301728,2023-04-13 17:05:00
301729,2023-04-03 22:01:55
301730,2023-04-03 18:59:41
301731,2023-04-01 21:59:59
301733,2023-04-03 19:45:39
301734,2023-04-03 18:54:00
301736,2023-04-03 20:35:53
301738,2023-04-03 19:49:00
301740,2023-04-03 19:40:00
301744,2023-04-03 19:44:59
301745,2023-04-03 21:41:00
301748,2023-04-03 20:21:00
301749,2023-04-03 20:47:44
301751,2023-04-03 17:25:00
301752,2023-04-03 22:05:59
301753,2023-04-03 03:00:00
301754,2023-04-03 20:00:00
301755,2023-04-03 19:34:00
301756,2023-04-04 02:32:45
301757,2023-04-03 20:19:59
301759,2023-04-03 20:28:51
301760,2023-04-03 20:37:42
301761,2023-04-03 18:59:59
301762,2023-04-03 22:53:26
301766,2023-04-03 22:40:00
301767,2023-04-03 19:15:00
301768,2023-04-03 21:56:58
301769,2023-04-03 21:59:13
301771,2023-04-07 23:19:59
301772,2023-04-02 18:13:00
301773,2023-04-03 23:35:59
301774,2023-04-04 17:55:00
301781,2023-04-10 15:59:59
301782,2023-04-12 17:00:00
301784,2023-04-05 17:00:00
301785,2023-04-10 15:59:59
301786,2023-04-10 15:59:59
301788,2023-04-04 00:16:57
301789,2023-04-10 15:59:59
301790,2023-04-12 17:00:00
301792,2023-04-03 23:11:00
301794,2023-04-04 00:45:00
301801,2023-04-04 03:01:51
301803,2023-04-04 19:48:23
301807,2023-04-04 15:04:10
301808,2023-04-04 13:30:00
301825,2023-04-09 23:39:00
301828,2023-03-29 18:32:55
301829,2023-04-04 00:30:00
301831,2023-04-04 13:55:00
301846,2023-04-04 00:59:59
301847,2023-04-05 20:00:00
301851,2023-04-02 22:30:00
301853,2023-04-03 23:00:00
301855,2023-04-04 03:30:00
301860,2023-04-03 22:40:00
301861,2023-03-24 15:00:00
301867,2023-04-04 15:55:00
301870,2023-03-30 18:49:23
301880,2023-04-02 23:19:59
301885,2023-04-02 20:39:10
301888,2023-04-04 18:13:53
301889,2023-04-02 00:54:18
301891,2023-03-27 20:05:00
301893,2023-04-03 21:49:59
301895,2023-04-05 02:44:14
301897,2023-04-06 19:51:13
301899,2023-04-04 19:54:44
301901,2023-04-04 20:19:59
301903,2023-04-04 21:06:38
301904,2023-04-04 20:16:24
301906,2023-04-05 18:26:29
301909,2023-04-04 21:44:36
301912,2023-04-05 16:20:12
301914,2023-04-04 22:30:00
301916,2023-04-04 20:10:00
301917,2023-04-04 18:00:00
301918,2023-04-04 21:35:11
301919,2023-04-04 23:00:00
301923,2023-04-04 21:34:41
301925,2023-04-04 19:31:00
301926,2023-04-05 00:00:00
301927,2023-04-04 22:31:59
301928,2023-04-05 01:00:47
301929,2023-04-04 20:10:00
301931,2023-04-08 22:30:39
301932,2023-04-05 17:00:00
301934,2023-04-05 00:20:00
301936,2023-04-04 23:53:14
301937,2023-04-05 00:24:18
301939,2023-04-05 00:13:24
301941,2023-04-04 23:40:00
301942,2023-04-05 00:15:08
301949,2023-04-05 01:49:51
301962,2023-04-05 22:48:57
301971,2023-04-05 21:46:59
301979,2023-03-31 21:40:00
301980,2023-04-04 20:58:00
301982,2023-04-04 23:29:59
301983,2023-04-05 15:21:38
301988,2023-03-31 18:30:59
301992,2023-04-04 17:58:59
301993,2023-04-05 16:05:00
301994,2023-04-04 20:29:59
301996,2023-04-05 17:55:00
301997,2023-04-04 23:32:59
301998,2023-04-05 16:30:00
301999,2023-04-05 22:39:34
302004,2023-04-05 17:00:00
302005,2023-04-05 18:59:59
302006,2023-04-05 18:06:00
302007,2023-04-05 17:45:00
302012,2023-04-05 18:45:00
302017,2023-04-05 15:59:59
302020,2023-04-05 19:28:59
302022,2023-04-05 20:00:48
302026,2023-04-05 19:27:06
302029,2023-04-05 17:40:00
302030,2023-04-05 22:07:15
302036,2023-04-04 21:59:59
302037,2023-04-05 23:00:00
302038,2023-04-05 22:21:00
302044,2023-04-04 20:00:00
302046,2023-04-02 00:40:00
302047,2023-04-06 00:13:56
302048,2023-04-05 03:59:59
302050,2023-04-02 20:35:59
302054,2023-04-05 23:07:16
302055,2023-04-05 21:10:00
302056,2023-04-06 13:30:04
302057,2023-04-06 12:38:47
302058,2023-04-05 23:08:11
302059,2023-04-05 21:03:33
302060,2023-04-06 00:14:59
302061,2023-04-05 22:45:38
302062,2023-04-06 01:18:22
302065,2023-04-04 20:29:59
302066,2023-04-07 21:30:00
302068,2023-04-05 22:16:21
302069,2023-04-06 01:17:51
302070,2023-04-08 15:51:00
302072,2023-04-05 21:40:54
302076,2023-04-05 22:45:45
302077,2023-04-05 21:00:00
302078,2023-04-05 20:45:00
302079,2023-04-05 23:15:38
302080,2023-04-06 02:29:59
302084,2023-04-07 14:45:00
302087,2023-04-06 00:00:00
302091,2023-04-06 02:10:12
302092,2023-04-06 00:11:08
302093,2023-04-06 01:47:23
302097,2023-04-06 01:01:30
302099,2023-04-06 01:31:13
302100,2023-04-06 01:08:00
302103,2023-04-06 01:42:00
302104,2023-04-06 01:55:00
302107,2023-04-06 03:50:31
302120,2023-04-06 03:59:10
302122,2023-04-06 04:52:00
302136,2023-04-06 12:25:00
302137,2023-04-01 21:00:00
302142,2023-04-10 07:10:00
302159,2023-04-05 21:30:00
302165,2023-04-06 16:21:57
302166,2023-04-04 18:30:00
302170,2023-04-05 23:42:59
302174,2023-04-02 23:00:00
302176,2023-04-07 21:59:59
302180,2023-04-06 19:47:00
302183,2023-04-06 15:00:00
302184,2023-04-06 19:56:00
302185,2023-04-07 22:50:00
302187,2023-04-04 21:14:59
302188,2023-04-06 20:11:00
302191,2023-04-06 18:54:00
302192,2023-04-06 20:32:00
302193,2023-04-06 23:19:59
302194,2023-04-06 22:05:59
302196,2023-04-07 19:08:00
302197,2023-04-06 20:10:00
302199,2023-04-06 20:28:00
302203,2023-04-06 21:30:00
302205,2023-04-06 22:12:59
302207,2023-04-06 23:05:00
302208,2023-04-07 00:52:30
302210,2023-04-07 01:06:58
302213,2023-04-06 22:30:00
302214,2023-04-07 18:22:00
302215,2023-04-06 22:55:00
302217,2023-04-07 00:59:59
302218,2023-04-07 01:30:00
302225,2023-04-07 01:57:00
302227,2023-04-07 02:17:26
302233,2023-04-07 03:32:00
302238,2023-04-05 20:26:00
302245,2023-04-07 11:02:00
302247,2023-04-07 10:39:00
302249,2023-04-07 20:29:59
302251,2023-04-05 22:30:00
302252,2023-04-05 20:00:00
302253,2023-04-03 20:00:00
302256,2023-06-04 15:59:59
302258,2023-04-05 21:16:00
302259,2023-04-06 01:44:00
302260,2023-04-07 14:03:00
302261,2023-04-05 12:30:00
302265,2023-04-07 02:50:00
302268,2023-04-08 00:52:21
302280,2023-04-07 16:40:00
302287,2023-03-31 21:00:00
302297,2023-04-07 15:00:00
302300,2023-04-07 18:30:00
302302,2023-04-07 19:33:00
302303,2023-04-06 00:00:00
302309,2023-04-06 20:50:00
302311,2023-04-02 23:00:00
302312,2023-04-07 18:59:59
302314,2023-04-07 21:06:00
302318,2023-04-08 00:00:00
302319,2023-04-07 22:10:00
302320,2023-04-07 22:23:00
302322,2023-04-08 00:23:00
302323,2023-04-06 23:21:00
302324,2023-04-07 22:30:00
302326,2023-04-08 17:13:11
302333,2023-04-08 22:44:59
302334,2023-04-07 23:15:00
302339,2023-04-08 02:38:00
302343,2023-04-03 04:10:00
302348,2023-04-08 02:09:00
302349,2023-04-08 03:20:00
302351,2023-04-08 18:26:00
302372,2023-04-13 20:29:59
302376,2023-04-07 20:00:00
302380,2023-04-08 01:15:00
302382,2023-04-07 21:59:59
302384,2023-04-08 18:33:00
302385,2023-04-12 17:00:00
302387,2023-04-08 20:09:00
302388,2023-04-08 17:44:00
302393,2023-04-08 18:00:00
302396,2023-04-08 00:59:59
302397,2023-04-08 18:32:06
302401,2023-04-08 21:32:14
302402,2023-04-08 18:59:59
302405,2023-04-07 21:17:59
302406,2023-04-08 18:40:39
302408,2023-04-08 18:27:59
302410,2023-04-08 18:00:00
302412,2023-04-08 02:00:00
302413,2023-04-08 20:23:00
302417,2023-04-08 20:10:00
302418,2023-04-08 22:59:00
302420,2023-04-03 20:13:00
302421,2023-04-13 20:29:59
302426,2023-04-09 00:00:00
302428,2023-04-08 21:30:00
302432,2023-04-09 00:40:00
302435,2023-04-10 00:32:00
302437,2023-04-09 01:57:59
302447,2023-04-09 18:14:59
302451,2023-04-09 04:12:00
302452,2023-04-09 05:09:00
302459,2023-04-09 09:14:59
302463,2023-04-08 20:31:00
302464,2023-04-08 18:20:00
302474,2023-04-07 20:45:00
302476,2023-04-07 19:15:00
302480,2023-04-08 15:14:59
302481,2023-04-08 15:40:00
302482,2023-04-09 15:20:00
302491,2023-04-12 15:42:00
302493,2023-04-09 17:44:00
302498,2023-04-09 18:32:00
302499,2023-04-09 18:49:00
302500,2023-04-12 17:00:00
302501,2023-04-10 00:36:46
302502,2023-04-09 19:41:59
302506,2023-04-09 19:23:05
302509,2023-04-09 02:00:00
302511,2023-04-09 20:00:00
302513,2023-04-09 20:35:00
302518,2023-04-09 21:14:23
302520,2023-04-09 16:44:59
302526,2023-04-09 23:27:33
302527,2023-04-09 22:02:00
302529,2023-04-09 21:49:59
302530,2023-04-09 21:56:38
302532,2023-04-09 22:23:00
302533,2023-04-09 22:57:59
302535,2023-04-09 22:38:00
302537,2023-04-09 23:29:59
302539,2023-04-09 22:49:54
302540,2023-04-09 23:50:00
302541,2023-04-09 22:20:00
302543,2023-04-09 23:14:41
302546,2023-04-10 00:50:39
302547,2023-04-10 01:19:23
302548,2023-04-09 23:06:59
302549,2023-04-10 00:00:00
302551,2023-04-10 00:01:00
302553,2023-04-10 01:20:48
302554,2023-04-10 01:21:42
302555,2023-04-09 23:19:59
302556,2023-04-10 01:45:08
302557,2023-04-10 00:45:03
302558,2023-04-10 17:54:00
302575,2023-04-10 04:52:00
302589,2023-04-10 21:23:00
302590,2023-04-10 12:30:00
302594,2023-04-11 15:59:59
302598,2023-04-10 14:06:59
302599,2023-04-09 14:00:00
302604,2023-04-08 23:40:00
302605,2023-04-08 17:53:00
302607,2023-04-10 00:03:00
302608,2023-04-10 14:26:00
302609,2023-04-09 17:53:00
302611,2023-04-10 22:58:03
302612,2023-04-09 02:00:00
302616,2023-04-10 20:21:57
302618,2023-04-10 15:29:00
302623,2023-04-10 15:34:15
302636,2023-04-10 15:59:59
302642,2023-04-10 17:19:59
302646,2023-04-10 17:29:59
302668,2023-04-10 17:00:59
302669,2023-04-10 17:31:00
302670,2023-04-06 18:00:00
302671,2023-04-06 19:30:00
302673,2023-04-10 18:00:00
302674,2023-04-10 18:30:00
302675,2023-04-10 18:45:00
302677,2023-04-10 00:00:00
302680,2023-04-10 16:15:00
302681,2023-04-11 17:50:00
302684,2023-04-10 19:17:00
302685,2023-04-10 19:09:00
302687,2023-04-10 20:08:00
302689,2023-04-10 18:40:00
302690,2023-04-10 21:02:21
302695,2023-04-10 20:07:55
302700,2023-04-10 20:13:24
302704,2023-04-10 20:51:59
302705,2023-04-11 17:23:00
302706,2023-04-11 01:50:59
302707,2023-04-10 19:25:00
302710,2023-04-10 20:29:00
302713,2023-04-10 15:14:59
302714,2023-04-10 21:35:00
302721,2023-04-10 20:00:00
302723,2023-04-10 21:46:00
302726,2023-04-10 20:42:59
302729,2023-04-10 20:25:00
302731,2023-04-10 21:46:32
302733,2023-04-10 22:53:00
302734,2023-04-10 23:03:16
302735,2023-04-11 21:53:51
302736,2023-04-10 23:10:42
302738,2023-04-10 21:58:32
302741,2023-04-10 22:46:00
302742,2023-04-11 01:18:24
302743,2023-04-10 22:10:00
302745,2023-04-10 21:00:00
302747,2023-04-10 22:49:00
302749,2023-04-11 00:19:00
302750,2023-04-10 22:47:59
302752,2023-04-11 00:30:00
302753,2023-04-10 23:38:00
302754,2023-04-10 22:44:48
302756,2023-04-11 00:32:09
302758,2023-04-11 00:55:00
302759,2023-04-10 23:00:00
302760,2023-04-10 23:29:59
302764,2023-04-10 23:40:11
302765,2023-04-11 00:49:32
302766,2023-04-10 22:40:00
302767,2023-04-11 03:20:57
302768,2023-04-11 01:25:51
302769,2023-04-11 02:01:41
302770,2023-04-11 01:24:59
302771,2023-04-10 17:29:59
302772,2023-04-11 01:07:04
302773,2023-04-11 00:11:47
302777,2023-04-11 00:29:54
302779,2023-04-10 21:30:59
302780,2023-04-11 00:37:21
302782,2023-04-10 20:29:59
302783,2023-04-10 17:15:00
302784,2023-04-12 01:16:50
302785,2023-04-11 02:51:59
302786,2023-04-11 01:30:00
302787,2023-04-10 18:19:00
302788,2023-04-10 19:50:00
302789,2023-04-11 01:22:41
302793,2023-04-11 03:53:50
302796,2023-04-11 03:19:39
302798,2023-04-11 02:26:12
302802,2023-04-11 03:04:39
302806,2023-04-11 04:10:00
302807,2023-04-11 06:35:00
302808,2023-04-12 01:16:50
302813,2023-04-11 08:21:00
302816,2023-04-11 06:36:50
302822,2023-04-10 21:25:00
302835,2023-04-03 18:14:00
302836,2023-04-09 20:29:59
302837,2023-04-09 21:30:00
302838,2023-04-11 14:22:49
302839,2023-04-23 20:29:59
302847,2023-04-11 20:42:00
302856,2023-04-11 19:10:41
302872,2023-04-10 22:30:00
302873,2023-04-11 15:37:05
302876,2023-04-10 22:05:00
302879,2023-04-10 18:59:59
302880,2023-04-11 16:24:00
302885,2023-04-05 15:59:59
302887,2023-04-11 16:34:59
302891,2023-04-10 23:06:00
302893,2023-04-09 20:08:00
302896,2023-04-11 20:21:00
302898,2023-04-10 22:30:00
302902,2023-04-10 16:20:00
302904,2023-04-10 17:15:00
302905,2023-04-10 18:45:00
302907,2023-04-13 16:28:34
302908,2023-04-10 22:21:59
302910,2023-04-11 18:38:28
302912,2023-04-11 17:54:16
302913,2023-04-11 15:12:00
302915,2023-04-11 17:19:59
302922,2023-04-10 19:55:00
302926,2023-04-11 13:50:00
302928,2023-04-11 19:15:00
302929,2023-04-11 18:59:00
302930,2023-04-11 17:40:00
302934,2023-04-11 20:45:00
302936,2023-04-10 00:57:00
302940,2023-04-11 18:45:00
302941,2023-04-11 20:52:38
302944,2023-04-11 22:21:59
302945,2023-04-11 23:09:00
302947,2023-04-11 20:05:00
302948,2023-04-11 03:11:00
302950,2023-04-11 21:48:59
302951,2023-04-11 20:00:00
302952,2023-04-13 18:49:46
302953,2023-04-11 19:40:00
302954,2023-04-12 14:12:16
302955,2023-04-11 20:18:44
302956,2023-04-11 20:20:07
302957,2023-04-11 22:15:00
302958,2023-04-11 19:26:00
302959,2023-04-11 21:27:00
302960,2023-04-10 21:58:00
302963,2023-04-11 20:40:00
302964,2023-04-11 20:53:22
302965,2023-04-11 23:10:00
302966,2023-04-11 21:20:59
302967,2023-04-11 21:06:00
302968,2023-04-09 23:00:00
302969,2023-04-12 13:51:10
302970,2023-04-11 21:16:19
302972,2023-04-11 21:22:00
302973,2023-04-11 21:19:42
302974,2023-04-12 17:00:00
302976,2023-03-30 23:29:02
302983,2023-04-11 21:59:59
302984,2023-04-11 22:42:00
302987,2023-04-11 23:09:41
302989,2023-04-11 22:25:17
302990,2023-04-11 23:47:09
302992,2023-04-11 23:53:07
302993,2023-04-03 00:48:00
302996,2023-04-11 23:00:00
302997,2023-04-12 02:10:38
302998,2023-04-11 23:13:47
303001,2023-04-12 01:36:12
303002,2023-04-10 22:30:00
303004,2023-04-11 23:31:23
303005,2023-04-12 00:21:07
303007,2023-04-11 23:37:00
303009,2023-04-11 23:45:00
303012,2023-04-11 23:54:00
303013,2023-04-11 22:20:00
303016,2023-04-12 18:38:00
303019,2023-04-12 00:52:00
303022,2023-04-12 00:59:59
303023,2023-04-12 00:57:17
303024,2023-04-12 01:22:51
303027,2023-04-12 01:53:48
303028,2023-04-12 01:50:00
303029,2023-04-11 21:30:00
303030,2023-04-11 21:30:00
303031,2023-04-11 21:30:00
303037,2023-04-12 03:41:00
303038,2023-04-12 03:53:05
303056,2023-04-10 15:59:59
303058,2023-04-10 22:30:00
303066,2023-04-09 20:08:00
303071,2023-04-12 19:04:00
303074,2023-04-12 14:23:14
303076,2023-04-11 20:05:00
303077,2023-04-12 14:47:41
303085,2023-04-12 20:46:06
303087,2023-03-30 22:21:13
303094,2023-04-12 20:18:26
303096,2023-04-12 16:32:10
303097,2023-04-11 18:00:00
303098,2023-04-12 15:54:00
303099,2023-04-12 16:23:00
303100,2023-04-12 16:28:00
303101,2023-04-11 18:00:00
303109,2023-04-12 14:50:00
303110,2023-04-13 20:46:42
303111,2023-04-07 21:59:59
303112,2023-04-12 15:49:59
303115,2023-04-12 20:27:06
303116,2023-04-12 17:00:00
303119,2023-04-12 06:01:59
303120,2023-04-12 18:11:53
303123,2023-04-08 18:59:59
303126,2023-04-12 17:34:00
303128,2023-04-12 17:57:24
303131,2023-04-11 23:00:59
303138,2023-04-11 21:45:00
303140,2023-04-12 15:27:59
303149,2023-04-12 18:41:00
303150,2023-04-12 18:20:11
303154,2023-04-13 00:00:00
303157,2023-04-12 19:02:59
303160,2023-04-12 18:47:15
303173,2023-04-12 21:07:30
303175,2023-04-12 00:35:00
303177,2023-04-12 01:40:00
303178,2023-04-12 18:59:59
303180,2023-04-12 19:21:44
303181,2023-04-12 20:19:18
303182,2023-04-12 18:59:00
303183,2023-04-12 18:32:00
303184,2023-04-12 22:45:39
303185,2023-04-05 23:29:59
303186,2023-04-12 02:00:00
303187,2023-04-06 21:00:00
303190,2023-04-03 18:30:00
303191,2023-04-12 20:22:30
303193,2023-04-12 23:58:54
303197,2023-04-13 14:45:00
303199,2023-04-12 20:39:41
303200,2023-04-11 00:59:59
303201,2023-04-12 21:55:01
303204,2023-04-12 18:43:00
303205,2023-04-12 20:00:00
303207,2023-04-11 20:35:00
303211,2023-04-12 21:04:48
303213,2023-04-12 18:29:00
303214,2023-04-10 21:45:00
303215,2023-04-13 21:39:22
303217,2023-04-13 17:14:12
303218,2023-04-12 18:27:00
303220,2023-04-09 18:25:00
303221,2023-04-12 21:49:00
303228,2023-04-13 19:55:00
303230,2023-04-12 21:10:20
303232,2023-04-12 20:34:22
303238,2023-04-12 20:50:00
303239,2023-04-10 19:55:00
303247,2023-04-12 19:41:00
303250,2023-04-12 22:55:00
303254,2023-04-13 02:31:08
303267,2023-04-12 21:53:00
303268,2023-04-12 21:55:09
303270,2023-04-13 15:46:15
303277,2023-04-13 01:09:37
303280,2023-04-12 22:24:00
303284,2023-04-12 21:03:00
303289,2023-04-12 22:58:23
303292,2023-04-13 00:52:35
303293,2023-04-13 00:30:59
303294,2023-04-13 03:00:00
303296,2023-04-12 23:00:00
303297,2023-04-12 23:05:20
303298,2023-04-13 01:08:06
303300,2023-04-13 00:32:53
303301,2023-04-12 23:29:59
303302,2023-04-12 21:00:00
303305,2023-04-13 00:03:00
303308,2023-04-13 00:20:00
303310,2023-04-13 00:29:00
303311,2023-04-13 00:00:00
303314,2023-04-13 00:57:00
303316,2023-04-13 17:32:23
303320,2023-04-13 01:32:35
303321,2023-04-13 01:35:11
303323,2023-04-13 04:07:47
303325,2023-04-13 18:24:20
303327,2023-04-13 01:02:41
303328,2023-04-13 04:28:00
303332,2023-04-13 19:03:02
303336,2023-04-13 05:00:59
303342,2023-04-13 06:55:00
303350,2023-04-13 11:45:59
303353,2023-04-12 23:37:00
303365,2023-04-13 13:12:59
303375,2023-04-13 16:58:29
303377,2023-04-13 16:52:09
303378,2023-04-12 16:30:00
303383,2023-04-11 21:00:00
303384,2023-04-13 15:06:59
303389,2023-04-13 19:06:10
303391,2023-04-12 18:41:00
303394,2023-04-12 20:40:00
303395,2023-04-12 21:40:00
303396,2023-04-13 15:00:00
303397,2023-04-13 21:02:52
303398,2023-04-13 02:40:00
303401,2023-04-13 16:55:42
303402,2023-04-06 23:29:59
303406,2023-04-13 17:00:00
303407,2023-04-07 00:00:00
303408,2023-04-08 17:00:00
303411,2023-04-13 17:40:00
303414,2023-04-13 03:10:00
303415,2023-04-13 17:10:00
303420,2023-04-13 19:11:00
303422,2023-04-13 18:59:26
303423,2023-04-13 19:44:11
303425,2023-04-13 18:56:00
303426,2023-04-13 18:10:00
303432,2023-04-13 17:13:59
303437,2023-04-13 17:00:00
303439,2023-04-13 16:44:59
303446,2023-04-12 15:48:00
303448,2023-04-10 21:00:00
303461,2023-04-12 22:34:59
303462,2023-04-13 17:15:00
303467,2023-04-13 22:03:09
303472,2023-04-13 23:45:24
303474,2023-04-14 00:07:08
303475,2023-04-13 20:51:59
303476,2023-04-13 20:45:00
303484,2023-04-13 20:48:00
303485,2023-04-13 23:21:44
303489,2023-04-13 22:31:59
303490,2023-04-14 00:14:00
303491,2023-04-13 23:51:59
303492,2023-04-13 23:42:09
303493,2023-04-13 22:58:38
303494,2023-04-13 22:49:00
303495,2023-04-13 23:00:00
303496,2023-04-13 23:13:53
303497,2023-04-13 23:16:59
303498,2023-04-13 23:24:18
303508,2023-04-14 00:19:05
303510,2023-04-13 23:50:00
303515,2023-04-14 00:22:56
303518,2023-04-14 00:34:18
